Constituency Name,State,Winner,Winner Votes,Winner Vote %,Winner Margin Votes,Margin Vote %,1st Runner Up,1st Runner Up Votes,1st Runner Up Vote %,1st Runner Up Margin Votes,1st Runner Up Margin Vote %,2nd Runner Up,2nd Runner Up Votes,2nd Runner Up Vote %,2nd Runner Up Margin Votes,2nd Runner Up Margin Vote %
AJMER,RAJASTHAN,Bharatiya Janata Party,747462,62.23,329991,27.47,Indian National Congress,417471,34.76,412527,34.35,Bahujan Samaj Party,4944,0.41,571.0,0.04999999999999999
ALWAR,RAJASTHAN,Bharatiya Janata Party,631992,50.42,48282,3.8500000000000014,Indian National Congress,583710,46.57,564423,45.03,Bahujan Samaj Party,19287,1.54,14925.0,1.19
AMBALA,HARYANA,Indian National Congress,663657,49.28,49036,3.6400000000000006,Bharatiya Janata Party,614621,45.64,591038,43.89,Bahujan Samaj Party,23583,1.75,14597.0,1.08
ARAKKONAM,TAMIL NADU,Dravida Munnetra Kazhagam,563216,48.39,306559,26.34,All India Anna Dravida Munnetra Kazhagam,256657,22.05,54332,4.670000000000002,Pattali Makkal Katchi,202325,17.38,103381.0,8.879999999999999
ARANI,TAMIL NADU,Dravida Munnetra Kazhagam,500099,43.86,208766,18.31,All India Anna Dravida Munnetra Kazhagam,291333,25.55,54762,4.800000000000001,Pattali Makkal Katchi,236571,20.75,169831.0,14.9
ADILABAD,TELANGANA,Bharatiya Janata Party,568168,45.98,90652,7.329999999999998,Indian National Congress,477516,38.65,340216,27.54,Bharat Rashtra Samithi,137300,11.11,129801.0,10.5
AGRA,UTTAR PRADESH,Bharatiya Janata Party,599397,53.34,271294,24.140000000000004,Samajwadi Party,328103,29.2,151629,13.5,Bahujan Samaj Party,176474,15.7,172331.0,15.33
AHMEDABAD EAST,GUJARAT,Bharatiya Janata Party,770459,68.28,461755,40.92,Indian National Congress,308704,27.36,298222,26.43,Bahujan Samaj Party,10482,0.93,5956.0,0.53
AHMEDABAD WEST,GUJARAT,Bharatiya Janata Party,611704,63.28,286437,29.630000000000003,Indian National Congress,325267,33.65,315667,32.66,Bahujan Samaj Party,9600,0.99,7142.0,0.74
AHMEDNAGAR,MAHARASHTRA,Nationalist Congress Party – Sharadchandra Pawar,624797,47.14,28929,2.1899999999999977,Bharatiya Janata Party,595868,44.95,551271,41.59,Independent,44597,3.36,30848.0,2.32
AKBARPUR,UTTAR PRADESH,Bharatiya Janata Party,517423,47.6,44345,4.079999999999998,Samajwadi Party,473078,43.52,399938,36.790000000000006,Bahujan Samaj Party,73140,6.73,68498.0,6.300000000000001
AKOLA,MAHARASHTRA,Bharatiya Janata Party,457030,38.96,40626,3.460000000000001,Indian National Congress,416404,35.5,139657,11.91,Vanchit Bahujan  Aaghadi,276747,23.59,273447.0,23.31
ALAPPUZHA,KERALA,Indian National Congress,404560,38.21,63513,6.0,Communist Party of India  (Marxist),341047,32.21,41399,3.91,Bharatiya Janata Party,299648,28.3,298022.0,28.150000000000002
ALIGARH,UTTAR PRADESH,Bharatiya Janata Party,501834,44.28,15647,1.3800000000000026,Samajwadi Party,486187,42.9,362258,31.97,Bahujan Samaj Party,123929,10.93,120130.0,10.59
ALIPURDUARS,WEST BENGAL,Bharatiya Janata Party,695314,48.92,75447,5.310000000000002,All India Trinamool Congress,619867,43.61,580158,40.82,Revolutionary Socialist Party,39709,2.79,27125.0,1.9
ALLAHABAD,UTTAR PRADESH,Indian National Congress,462145,48.8,58795,6.209999999999994,Bharatiya Janata Party,403350,42.59,354206,37.400000000000006,Bahujan Samaj Party,49144,5.19,44896.0,4.74
ALMORA,UTTARAKHAND,Bharatiya Janata Party,429167,64.2,234097,35.02,Indian National Congress,195070,29.18,184995,27.669999999999998,Bahujan Samaj Party,10075,1.51,4297.0,0.65
AMALAPURAM (SC),ANDHRA PRADESH,Telugu Desam,796981,61.25,342196,26.299999999999997,Yuvajana Sramika Rythu Congress Party,454785,34.95,439703,33.790000000000006,Indian National Congress,15082,1.16,9694.0,0.75
AMBEDKAR NAGAR,UTTAR PRADESH,Samajwadi Party,544959,46.3,137247,11.659999999999997,Bharatiya Janata Party,407712,34.64,208213,17.69,Bahujan Samaj Party,199499,16.95,195168.0,16.58
AMETHI,UTTAR PRADESH,Indian National Congress,539228,54.99,167196,17.050000000000004,Bharatiya Janata Party,372032,37.94,337498,34.419999999999995,Bahujan Samaj Party,34534,3.52,28835.0,2.94
AMRAVATI,MAHARASHTRA,Indian National Congress,526271,44.84,19731,1.6800000000000068,Bharatiya Janata Party,506540,43.16,421240,35.89,Prahar Janshakti Party,85300,7.27,66507.0,5.67
AMRELI,GUJARAT,Bharatiya Janata Party,580872,66.28,321068,36.64,Indian National Congress,259804,29.64,252261,28.78,Bahujan Samaj Party,7543,0.86,2534.0,0.29000000000000004
AMRITSAR,PUNJAB,Indian National Congress,255181,28.18,40301,4.449999999999999,Aam Aadmi Party,214880,23.73,7675,0.8500000000000014,Bharatiya Janata Party,207205,22.88,44309.0,4.890000000000001
ANAKAPALLE,ANDHRA PRADESH,Bharatiya Janata Party,762069,57.5,296530,22.369999999999997,Yuvajana Sramika Rythu Congress Party,465539,35.13,439888,33.190000000000005,Indian National Congress,25651,1.94,6494.0,0.49
ANAND,GUJARAT,Bharatiya Janata Party,612484,52.44,89939,7.699999999999996,Indian National Congress,522545,44.74,516714,44.24,Bahujan Samaj Party,5831,0.5,289.0,0.030000000000000027
ANANDPUR SAHIB,PUNJAB,Aam Aadmi Party,313217,29.08,10846,1.009999999999998,Indian National Congress,302371,28.07,115793,10.75,Bharatiya Janata Party,186578,17.32,68642.0,6.370000000000001
ANANTHAPUR,ANDHRA PRADESH,Telugu Desam,768245,53.33,188555,13.089999999999996,Yuvajana Sramika Rythu Congress Party,579690,40.24,536473,37.24,Indian National Congress,43217,3.0,36778.0,2.55
AONLA,UTTAR PRADESH,Samajwadi Party,492515,45.23,15969,1.4699999999999989,Bharatiya Janata Party,476546,43.76,380916,34.98,Bahujan Samaj Party,95630,8.78,91417.0,8.389999999999999
ARAKU (ST),ANDHRA PRADESH,Yuvajana Sramika Rythu Congress Party,477005,40.96,50580,4.340000000000003,Bharatiya Janata Party,426425,36.62,303296,26.049999999999997,Communist Party of India  (Marxist),123129,10.57,97379.0,8.36
ARAMBAGH,WEST BENGAL,All India Trinamool Congress,712587,45.71,6399,0.4100000000000037,Bharatiya Janata Party,706188,45.3,613686,39.37,Communist Party of India  (Marxist),92502,5.93,76372.0,4.8999999999999995
ARRAH,BIHAR,Communist Party of India  (Marxist-Leninist)  (Liberation),529382,48.28,59808,5.460000000000001,Bharatiya Janata Party,469574,42.82,445939,40.66,Independent,23635,2.16,10256.0,0.9400000000000002
ARUNACHAL WEST,ARUNACHAL PRADESH,Bharatiya Janata Party,205417,51.38,100738,25.200000000000003,Indian National Congress,104679,26.18,71365,17.85,Independent,33314,8.33,2784.0,0.6900000000000004
ASANSOL,WEST BENGAL,All India Trinamool Congress,605645,46.53,59564,4.57,Bharatiya Janata Party,546081,41.96,440117,33.82,Communist Party of India  (Marxist),105964,8.14,95317.0,7.32
ASKA,ODISHA,Bharatiya Janata Party,494226,48.55,99974,9.82,Biju Janata Dal,394252,38.73,318997,31.339999999999996,Indian National Congress,75255,7.39,64015.0,6.289999999999999
ATTINGAL,KERALA,Indian National Congress,328051,33.29,684,0.07000000000000028,Communist Party of India  (Marxist),327367,33.22,15588,1.5799999999999983,Bharatiya Janata Party,311779,31.64,307255.0,31.18
AURANGABAD,BIHAR,Rashtriya Janata Dal,465567,49.22,79111,8.36,Bharatiya Janata Party,386456,40.86,366147,38.71,Bahujan Samaj Party,20309,2.15,8001.0,0.8499999999999999
AURANGABAD,MAHARASHTRA,Shiv Sena,476130,36.56,134650,10.340000000000003,All India Majlis-E-Ittehadul Muslimeen,341480,26.22,48030,3.6899999999999977,Shiv Sena (Uddhav Balasaheb Thackrey),293450,22.53,224184.0,17.21
AZAMGARH,UTTAR PRADESH,Samajwadi Party,508239,48.2,161035,15.270000000000003,Bharatiya Janata Party,347204,32.93,167365,15.879999999999999,Bahujan Samaj Party,179839,17.05,176797.0,16.76
BALAGHAT,MADHYA PRADESH,Bharatiya Janata Party,712660,51.56,174512,12.630000000000003,Indian National Congress,538148,38.93,485014,35.09,Bahujan Samaj Party,53134,3.84,40060.0,2.8899999999999997
BANSWARA,RAJASTHAN,Bharat Adivasi Party,820831,50.15,247054,15.100000000000001,Bharatiya Janata Party,573777,35.05,499179,30.49,Independent,74598,4.56,13387.0,0.8199999999999994
BARMER,RAJASTHAN,Indian National Congress,704676,41.74,118176,7.0,Independent,586500,34.74,299767,17.750000000000004,Bharatiya Janata Party,286733,16.99,236776.0,14.029999999999998
BASTAR,CHHATTISGARH,Bharatiya Janata Party,458398,45.5,55245,5.479999999999997,Indian National Congress,403153,40.02,367266,36.46,Communist Party of India,35887,3.56,16240.0,1.61
BHILWARA,RAJASTHAN,Bharatiya Janata Party,807640,61.92,354606,27.190000000000005,Indian National Congress,453034,34.73,444751,34.089999999999996,Bahujan Samaj Party,8283,0.64,265.0,0.030000000000000027
BHIND,MADHYA PRADESH,Bharatiya Janata Party,537065,51.2,64840,6.18,Indian National Congress,472225,45.02,451760,43.07,Bahujan Samaj Party,20465,1.95,15393.0,1.47
BHIWANI-MAHENDRAGARH,HARYANA,Bharatiya Janata Party,588664,49.74,41510,3.5,Indian National Congress,547154,46.24,531889,44.95,Jannayak Janta Party,15265,1.29,8929.0,0.75
BHOPAL,MADHYA PRADESH,Bharatiya Janata Party,981109,65.48,501499,33.470000000000006,Indian National Congress,479610,32.01,466305,31.119999999999997,Bahujan Samaj Party,13305,0.89,9664.0,0.65
BIKANER,RAJASTHAN,Bharatiya Janata Party,566737,50.68,55711,4.979999999999997,Indian National Congress,511026,45.7,502727,44.96,Bahujan Samaj Party,8299,0.74,2018.0,0.17999999999999994
BILASPUR,CHHATTISGARH,Bharatiya Janata Party,724937,53.25,164558,12.090000000000003,Indian National Congress,560379,41.16,547157,40.19,Bahujan Samaj Party,13222,0.97,7324.0,0.54
BADAUN,UTTAR PRADESH,Samajwadi Party,501855,45.97,34991,3.210000000000001,Bharatiya Janata Party,466864,42.76,369113,33.81,Bahujan Samaj Party,97751,8.95,93915.0,8.6
BAGALKOT,KARNATAKA,Bharatiya Janata Party,671039,50.93,68399,5.189999999999998,Indian National Congress,602640,45.74,597011,45.31,Independent,5629,0.43,539.0,0.03999999999999998
BAGHPAT,UTTAR PRADESH,Rashtriya Lok Dal,488967,52.36,159459,17.07,Samajwadi Party,329508,35.29,237242,25.409999999999997,Bahujan Samaj Party,92266,9.88,86743.0,9.290000000000001
BAHARAICH,UTTAR PRADESH,Bharatiya Janata Party,518802,49.1,64227,6.079999999999998,Samajwadi Party,454575,43.02,404127,38.25,Bahujan Samaj Party,50448,4.77,44288.0,4.1899999999999995
BAHARAMPUR,WEST BENGAL,All India Trinamool Congress,524516,37.88,85022,6.140000000000004,Indian National Congress,439494,31.74,67609,4.879999999999999,Bharatiya Janata Party,371885,26.86,353358.0,25.52
BALASORE,ODISHA,Bharatiya Janata Party,563865,45.49,147156,11.870000000000005,Biju Janata Dal,416709,33.62,179702,14.499999999999996,Indian National Congress,237007,19.12,234087.0,18.880000000000003
BALLIA,UTTAR PRADESH,Samajwadi Party,467068,46.37,43384,4.309999999999995,Bharatiya Janata Party,423684,42.06,338479,33.6,Bahujan Samaj Party,85205,8.46,80149.0,7.960000000000001
BALURGHAT,WEST BENGAL,Bharatiya Janata Party,574996,46.47,10386,0.8399999999999963,All India Trinamool Congress,564610,45.63,510393,41.25,Revolutionary Socialist Party,54217,4.38,47395.0,3.83
BANASKANTHA,GUJARAT,Indian National Congress,671883,48.83,30406,2.210000000000001,Bharatiya Janata Party,641477,46.62,631548,45.9,Bahujan Samaj Party,9929,0.72,2233.0,0.15999999999999992
BANDA,UTTAR PRADESH,Samajwadi Party,406567,38.94,71210,6.82,Bharatiya Janata Party,335357,32.12,89612,8.579999999999998,Bahujan Samaj Party,245745,23.54,236307.0,22.64
BANGALORE NORTH,KARNATAKA,Bharatiya Janata Party,986049,56.27,259476,14.810000000000002,Indian National Congress,726573,41.46,721942,41.2,Bahujan Samaj Party,4631,0.26,1170.0,0.06
BANGALORE RURAL,KARNATAKA,Bharatiya Janata Party,1079002,56.21,269647,14.050000000000004,Indian National Congress,809355,42.16,803153,41.839999999999996,Uttama Prajaakeeya Party,6202,0.32,2966.0,0.15
BANGALORE SOUTH,KARNATAKA,Bharatiya Janata Party,750830,60.1,277083,22.18,Indian National Congress,473747,37.92,471322,37.730000000000004,Bahujan Samaj Party,2425,0.19,457.0,0.03
BANGALORE CENTRAL,KARNATAKA,Bharatiya Janata Party,658915,50.05,32707,2.479999999999997,Indian National Congress,626208,47.57,623121,47.34,Bahujan Samaj Party,3087,0.23,326.0,0.020000000000000018
BANGAON,WEST BENGAL,Bharatiya Janata Party,719505,48.19,73693,4.939999999999998,All India Trinamool Congress,645812,43.25,580636,38.88,Indian National Congress,65176,4.37,45960.0,3.08
BANKA,BIHAR,Janata Dal  (United),506678,49.96,103844,10.240000000000002,Rashtriya Janata Dal,402834,39.72,387895,38.25,Independent,14939,1.47,2662.0,0.26
BANKURA,WEST BENGAL,All India Trinamool Congress,641813,44.33,32778,2.259999999999998,Bharatiya Janata Party,609035,42.07,503676,34.79,Communist Party of India  (Marxist),105359,7.28,86790.0,6.0
BANSGAON,UTTAR PRADESH,Bharatiya Janata Party,428693,45.38,3150,0.3400000000000034,Indian National Congress,425543,45.04,360793,38.19,Bahujan Samaj Party,64750,6.85,58112.0,6.1499999999999995
BAPATLA (SC),ANDHRA PRADESH,Telugu Desam,717493,55.16,208031,15.989999999999995,Yuvajana Sramika Rythu Congress Party,509462,39.17,466203,35.84,Indian National Congress,43259,3.33,36402.0,2.8
BARABANKI,UTTAR PRADESH,Indian National Congress,719927,55.78,215704,16.71,Bharatiya Janata Party,504223,39.07,465046,36.03,Bahujan Samaj Party,39177,3.04,35508.0,2.76
BARAMATI,MAHARASHTRA,Nationalist Congress Party – Sharadchandra Pawar,732312,51.85,158333,11.21,Nationalist Congress Party,573979,40.64,558316,39.53,Independent,15663,1.11,746.0,0.050000000000000044
BARASAT,WEST BENGAL,All India Trinamool Congress,692010,45.15,114189,7.449999999999996,Bharatiya Janata Party,577821,37.7,456381,29.78,All India Secular Front,121440,7.92,21440.0,1.4000000000000004
BARDHAMAN PURBA,WEST BENGAL,All India Trinamool Congress,720302,48.11,160572,10.729999999999997,Bharatiya Janata Party,559730,37.38,382831,25.57,Communist Party of India  (Marxist),176899,11.81,165923.0,11.08
BARDHAMAN-DURGAPUR,WEST BENGAL,All India Trinamool Congress,720667,47.99,137981,9.190000000000005,Bharatiya Janata Party,582686,38.8,428857,28.559999999999995,Communist Party of India  (Marxist),153829,10.24,146687.0,9.76
BARDOLI,GUJARAT,Bharatiya Janata Party,763950,57.04,230253,17.189999999999998,Indian National Congress,533697,39.85,517553,38.64,Bahujan Samaj Party,16144,1.21,,
BAREILLY,UTTAR PRADESH,Bharatiya Janata Party,567127,50.66,34804,3.1099999999999994,Samajwadi Party,532323,47.55,528770,47.23,Peace Party,3553,0.32,714.0,0.07
BARGARH,ODISHA,Bharatiya Janata Party,716359,54.69,251667,19.21,Biju Janata Dal,464692,35.48,371141,28.339999999999996,Indian National Congress,93551,7.14,84229.0,6.43
BARPETA,ASSAM,Asom Gana Parishad,860113,51.02,222351,13.190000000000005,Indian National Congress,637762,37.83,541624,32.129999999999995,Communist Party of India  (Marxist),96138,5.7,79706.0,4.73
BARRACKPUR,WEST BENGAL,All India Trinamool Congress,520231,45.56,64438,5.640000000000001,Bharatiya Janata Party,455793,39.92,346229,30.32,Communist Party of India  (Marxist),109564,9.6,90758.0,7.949999999999999
BASIRHAT,WEST BENGAL,All India Trinamool Congress,803762,52.76,333547,21.889999999999997,Bharatiya Janata Party,470215,30.87,346715,22.76,All India Secular Front,123500,8.11,45601.0,2.999999999999999
BASTI,UTTAR PRADESH,Samajwadi Party,527005,48.67,100994,9.329999999999998,Bharatiya Janata Party,426011,39.34,322710,29.800000000000004,Bahujan Samaj Party,103301,9.54,98674.0,9.11
BATHINDA,PUNJAB,Shiromani Akali Dal,376558,32.71,49656,4.310000000000002,Aam Aadmi Party,326902,28.4,124891,10.849999999999998,Indian National Congress,202011,17.55,91249.0,7.9300000000000015
BEED,MAHARASHTRA,Nationalist Congress Party – Sharadchandra Pawar,683950,44.93,6553,0.4299999999999997,Bharatiya Janata Party,677397,44.5,622547,40.9,Bahujan Maha Party,54850,3.6,3983.0,0.26000000000000023
BEGUSARAI,BIHAR,Bharatiya Janata Party,649331,50.15,81480,6.289999999999999,Communist Party of India,567851,43.86,554898,42.86,Independent,12953,1.0,2081.0,0.16000000000000003
BELGAUM,KARNATAKA,Bharatiya Janata Party,762029,55.06,178437,12.89,Indian National Congress,583592,42.17,574089,41.480000000000004,Independent,9503,0.69,4062.0,0.29999999999999993
BERHAMPUR,ODISHA,Bharatiya Janata Party,513102,49.2,165476,15.870000000000005,Biju Janata Dal,347626,33.33,217882,20.89,Indian National Congress,129744,12.44,121365.0,11.639999999999999
BHADOHI,UTTAR PRADESH,Bharatiya Janata Party,459982,42.39,44072,4.060000000000002,All India Trinamool Congress,415910,38.33,260857,24.04,Bahujan Samaj Party,155053,14.29,141364.0,13.03
BHADRAK,ODISHA,Bharatiya Janata Party,573319,44.19,91544,7.059999999999995,Biju Janata Dal,481775,37.13,259901,20.03,Indian National Congress,221874,17.1,216994.0,16.720000000000002
BHAGALPUR,BIHAR,Janata Dal  (United),536031,50.38,104868,9.86,Indian National Congress,431163,40.52,418517,39.330000000000005,Bahujan Samaj Party,12646,1.19,388.0,0.040000000000000036
BHANDARA GONDIYA,MAHARASHTRA,Indian National Congress,587413,47.56,37380,3.030000000000001,Bharatiya Janata Party,550033,44.53,524571,42.47,Bahujan Samaj Party,25462,2.06,604.0,0.050000000000000266
BHARUCH,GUJARAT,Bharatiya Janata Party,608157,50.72,85696,7.140000000000001,Aam Aadmi Party,522461,43.58,512447,42.739999999999995,Bharat Adivasi Party,10014,0.84,77.0,0.010000000000000009
BHAVNAGAR,GUJARAT,Bharatiya Janata Party,716883,68.46,455289,43.47999999999999,Aam Aadmi Party,261594,24.98,251464,24.01,Bahujan Samaj Party,10130,0.97,2511.0,0.24
BHIWANDI,MAHARASHTRA,Nationalist Congress Party – Sharadchandra Pawar,499464,39.85,66121,5.280000000000001,Bharatiya Janata Party,433343,34.57,201926,16.11,Independent,231417,18.46,206792.0,16.5
BHONGIR,TELANGANA,Indian National Congress,629143,44.89,222170,15.850000000000001,Bharatiya Janata Party,406973,29.04,150786,10.759999999999998,Bharat Rashtra Samithi,256187,18.28,227457.0,16.23
BHUBANESWAR,ODISHA,Bharatiya Janata Party,512519,47.36,35152,3.25,Biju Janata Dal,477367,44.11,411005,37.98,Indian National Congress,66362,6.13,62214.0,5.75
BIDAR,KARNATAKA,Indian National Congress,666317,53.63,128875,10.370000000000005,Bharatiya Janata Party,537442,43.26,532140,42.83,Bahujan Bharat Party,5302,0.43,748.0,0.06
BIJAPUR,KARNATAKA,Bharatiya Janata Party,672781,51.91,77229,5.959999999999994,Indian National Congress,595552,45.95,587861,45.36,Karnataka Rashtra Samithi,7691,0.59,3338.0,0.24999999999999994
BIJNOR,UTTAR PRADESH,Rashtriya Lok Dal,404493,39.48,37508,3.6599999999999966,Samajwadi Party,366985,35.82,147999,14.440000000000001,Bahujan Samaj Party,218986,21.38,210914.0,20.59
BISHNUPUR,WEST BENGAL,Bharatiya Janata Party,680130,44.93,5567,0.36999999999999744,All India Trinamool Congress,674563,44.56,569152,37.6,Communist Party of India  (Marxist),105411,6.96,89337.0,5.9
BOLANGIR,ODISHA,Bharatiya Janata Party,617744,44.12,132664,9.479999999999997,Biju Janata Dal,485080,34.64,254206,18.150000000000002,Indian National Congress,230874,16.49,220519.0,15.749999999999998
BOLPUR,WEST BENGAL,All India Trinamool Congress,855633,55.98,327253,21.409999999999997,Bharatiya Janata Party,528380,34.57,428997,28.07,Communist Party of India  (Marxist),99383,6.5,91554.0,5.99
BULANDSHAHR,UTTAR PRADESH,Bharatiya Janata Party,597310,56.65,275134,26.09,Indian National Congress,322176,30.56,204752,19.419999999999998,Bahujan Samaj Party,117424,11.14,113023.0,10.72
BULDHANA,MAHARASHTRA,Shiv Sena,349867,31.53,29479,2.650000000000002,Shiv Sena (Uddhav Balasaheb Thackrey),320388,28.88,70425,6.349999999999998,Independent,249963,22.53,151522.0,13.660000000000002
BUXAR,BIHAR,Rashtriya Janata Dal,438345,40.82,30091,2.799999999999997,Bharatiya Janata Party,408254,38.02,293540,27.340000000000003,Bahujan Samaj Party,114714,10.68,67305.0,6.26
CHENNAI CENTRAL,TAMIL NADU,Dravida Munnetra Kazhagam,413848,56.65,244689,33.489999999999995,Bharatiya Janata Party,169159,23.16,97143,13.3,Desiya Murpokku Dravida Kazhagam,72016,9.86,25985.0,3.5599999999999996
CHENNAI NORTH,TAMIL NADU,Dravida Munnetra Kazhagam,497333,55.11,339222,37.59,All India Anna Dravida Munnetra Kazhagam,158111,17.52,44793,4.959999999999999,Bharatiya Janata Party,113318,12.56,17364.0,1.9299999999999997
CHENNAI SOUTH,TAMIL NADU,Dravida Munnetra Kazhagam,516628,47.0,225945,20.56,Bharatiya Janata Party,290683,26.44,118192,10.750000000000002,All India Anna Dravida Munnetra Kazhagam,172491,15.69,88519.0,8.05
CHHINDWARA,MADHYA PRADESH,Bharatiya Janata Party,644738,49.41,113618,8.709999999999994,Indian National Congress,531120,40.7,475132,36.410000000000004,Gondvana Gantantra Party,55988,4.29,44165.0,3.38
CHIDAMBARAM,TAMIL NADU,Viduthalai Chiruthaigal Katchi,505084,43.28,103554,8.880000000000003,All India Anna Dravida Munnetra Kazhagam,401530,34.4,233037,19.96,Bharatiya Janata Party,168493,14.44,102904.0,8.82
CHITTORGARH,RAJASTHAN,Bharatiya Janata Party,888202,59.26,389877,26.009999999999998,Indian National Congress,498325,33.25,455514,30.39,Bharat Adivasi Party,42811,2.86,33272.0,2.2199999999999998
CHURU,RAJASTHAN,Indian National Congress,728211,51.12,72737,5.109999999999999,Bharatiya Janata Party,655474,46.01,644203,45.22,Bahujan Samaj Party,11271,0.79,5547.0,0.39
COIMBATORE,TAMIL NADU,Dravida Munnetra Kazhagam,568200,41.39,118068,8.600000000000001,Bharatiya Janata Party,450132,32.79,213642,15.559999999999999,All India Anna Dravida Munnetra Kazhagam,236490,17.23,153833.0,11.21
CUDDALORE,TAMIL NADU,Indian National Congress,455053,44.11,185896,18.02,Desiya Murpokku Dravida Kazhagam,269157,26.09,63913,6.190000000000001,Pattali Makkal Katchi,205244,19.9,147820.0,14.329999999999998
CHALAKUDY,KERALA,Indian National Congress,394171,41.44,63754,6.710000000000001,Communist Party of India  (Marxist),330417,34.73,224017,23.549999999999997,Bharath Dharma Jana Sena,106400,11.18,758.0,0.07000000000000028
CHAMARAJANAGAR,KARNATAKA,Indian National Congress,751671,54.87,188706,13.769999999999996,Bharatiya Janata Party,562965,41.1,547062,39.940000000000005,Bahujan Samaj Party,15903,1.16,7814.0,0.57
CHANDAULI,UTTAR PRADESH,Samajwadi Party,474476,42.5,21565,1.9299999999999997,Bharatiya Janata Party,452911,40.57,293008,26.25,Bahujan Samaj Party,159903,14.32,155871.0,13.96
CHANDRAPUR,MAHARASHTRA,Indian National Congress,718410,57.88,260406,20.980000000000004,Bharatiya Janata Party,458004,36.9,436024,35.129999999999995,Vanchit Bahujan  Aaghadi,21980,1.77,12792.0,1.03
CHATRA,JHARKHAND,Bharatiya Janata Party,574556,52.89,220959,20.340000000000003,Indian National Congress,353597,32.55,321606,29.609999999999996,Independent,31991,2.94,17869.0,1.64
CHEVELLA,TELANGANA,Bharatiya Janata Party,809882,48.34,172897,10.32,Indian National Congress,636985,38.02,458017,27.340000000000003,Bharat Rashtra Samithi,178968,10.68,174684.0,10.42
CHHOTA UDAIPUR,GUJARAT,Bharatiya Janata Party,796589,62.84,398777,31.460000000000004,Indian National Congress,397812,31.38,381719,30.11,Bahujan Samaj Party,16093,1.27,4932.0,0.39
CHIKKBALLAPUR,KARNATAKA,Bharatiya Janata Party,822619,53.74,163460,10.68,Indian National Congress,659159,43.06,654602,42.760000000000005,Communist Party of India  (Marxist),4557,0.3,117.0,0.010000000000000009
CHIKKODI,KARNATAKA,Indian National Congress,713461,51.21,90834,6.520000000000003,Bharatiya Janata Party,622627,44.69,597161,42.86,Independent,25466,1.83,20113.0,1.4500000000000002
CHITRADURGA,KARNATAKA,Bharatiya Janata Party,684890,50.11,48121,3.530000000000001,Indian National Congress,636769,46.58,629064,46.019999999999996,Bahujan Samaj Party,7705,0.56,2755.0,0.20000000000000007
COOCHBEHAR,WEST BENGAL,All India Trinamool Congress,788375,48.57,39250,2.4100000000000037,Bharatiya Janata Party,749125,46.16,718858,44.3,All India Forward Bloc,30267,1.86,19588.0,1.2000000000000002
CUTTACK,ODISHA,Bharatiya Janata Party,531601,47.43,57077,5.089999999999996,Biju Janata Dal,474524,42.34,390709,34.86,Indian National Congress,83815,7.48,79331.0,7.08
DAMOH,MADHYA PRADESH,Bharatiya Janata Party,709768,65.18,406426,37.32000000000001,Indian National Congress,303342,27.86,281938,25.89,Bahujan Samaj Party,21404,1.97,9187.0,0.8499999999999999
DAUSA,RAJASTHAN,Indian National Congress,646266,60.24,237340,22.120000000000005,Bharatiya Janata Party,408926,38.12,402129,37.489999999999995,Bahujan Samaj Party,6797,0.63,4076.0,0.38
DEWAS,MADHYA PRADESH,Bharatiya Janata Party,928941,63.23,425225,28.939999999999998,Indian National Congress,503716,34.29,492513,33.53,Bahujan Samaj Party,11203,0.76,3983.0,0.27
DHAR,MADHYA PRADESH,Bharatiya Janata Party,794449,55.75,218665,15.350000000000001,Indian National Congress,575784,40.4,560828,39.35,Bahujan Samaj Party,14956,1.05,4335.0,0.30000000000000004
DHARMAPURI,TAMIL NADU,Dravida Munnetra Kazhagam,432667,34.67,21300,1.7000000000000028,Pattali Makkal Katchi,411367,32.97,117738,9.439999999999998,All India Anna Dravida Munnetra Kazhagam,293629,23.53,228248.0,18.29
DINDIGUL,TAMIL NADU,Communist Party of India  (Marxist),670149,58.29,443821,38.599999999999994,All India Anna Dravida Munnetra Kazhagam,226328,19.69,113825,9.900000000000002,Pattali Makkal Katchi,112503,9.79,14658.0,1.2799999999999994
DURG,CHHATTISGARH,Bharatiya Janata Party,956497,62.0,438226,28.409999999999997,Indian National Congress,518271,33.59,504938,32.730000000000004,Bahujan Samaj Party,13333,0.86,5567.0,0.36
DAHOD,GUJARAT,Bharatiya Janata Party,688715,61.59,333677,29.840000000000003,Indian National Congress,355038,31.75,343963,30.76,Independent,11075,0.99,2443.0,0.21999999999999997
DAKSHINA KANNADA,KARNATAKA,Bharatiya Janata Party,764132,53.97,149208,10.54,Indian National Congress,614924,43.43,610692,43.13,Bahujan Samaj Party,4232,0.3,1640.0,0.12
DARBHANGA,BIHAR,Bharatiya Janata Party,566630,55.33,178156,17.4,Rashtriya Janata Dal,388474,37.93,370449,36.17,Mithilanchal Mukti Morcha,18025,1.76,9757.0,0.95
DARJEELING,WEST BENGAL,Bharatiya Janata Party,679331,51.18,178525,13.450000000000003,All India Trinamool Congress,500806,37.73,417432,31.449999999999996,Indian National Congress,83374,6.28,69700.0,5.25
DARRANG-UDALGURI,ASSAM,Bharatiya Janata Party,868387,47.95,329012,18.17,Indian National Congress,539375,29.78,228801,12.630000000000003,Bodoland Peoples Front,310574,17.15,296283.0,16.36
DAVANAGERE,KARNATAKA,Indian National Congress,633059,47.95,26094,1.980000000000004,Bharatiya Janata Party,606965,45.97,564058,42.72,Independent,42907,3.25,37779.0,2.86
DEORIA,UTTAR PRADESH,Bharatiya Janata Party,504541,48.36,34842,3.3399999999999963,Indian National Congress,469699,45.02,424135,40.650000000000006,Bahujan Samaj Party,45564,4.37,41406.0,3.97
DHANBAD,JHARKHAND,Bharatiya Janata Party,789172,55.26,331583,23.22,Indian National Congress,457589,32.04,377936,26.46,Independent,79653,5.58,52018.0,3.64
DHARWAD,KARNATAKA,Bharatiya Janata Party,716231,52.41,97324,7.119999999999997,Indian National Congress,618907,45.29,613035,44.86,Independent,5872,0.43,711.0,0.04999999999999999
DHAURAHRA,UTTAR PRADESH,Samajwadi Party,443743,39.91,4449,0.3999999999999986,Bharatiya Janata Party,439294,39.51,253820,22.83,Bahujan Samaj Party,185474,16.68,169574.0,15.25
DHUBRI,ASSAM,Indian National Congress,1471885,59.99,1012476,41.27,All India United Democratic Front,459409,18.72,20815,0.8399999999999999,Asom Gana Parishad,438594,17.88,426488.0,17.39
DHULE,MAHARASHTRA,Indian National Congress,583866,47.89,3831,0.3200000000000003,Bharatiya Janata Party,580035,47.57,560322,45.95,Independent,19713,1.62,14740.0,1.2100000000000002
DIAMOND HARBOUR,WEST BENGAL,All India Trinamool Congress,1048230,68.48,710930,46.45,Bharatiya Janata Party,337300,22.03,250347,16.35,Communist Party of India  (Marxist),86953,5.68,65814.0,4.3
DIBRUGARH,ASSAM,Bharatiya Janata Party,693762,54.27,279321,21.85,Assam Jatiya Parishad,414441,32.42,276577,21.64,Aam Aadmi Party,137864,10.78,,
DINDORI,MAHARASHTRA,Nationalist Congress Party – Sharadchandra Pawar,577339,46.53,113199,9.130000000000003,Bharatiya Janata Party,464140,37.4,360508,29.049999999999997,Independent,103632,8.35,66529.0,5.359999999999999
DIPHU,ASSAM,Bharatiya Janata Party,334620,49.01,147603,21.619999999999997,Independent,187017,27.39,62998,9.23,Indian National Congress,124019,18.16,112740.0,16.51
DOMARIYAGANJ,UTTAR PRADESH,Bharatiya Janata Party,463303,45.47,42728,4.199999999999996,Samajwadi Party,420575,41.27,339270,33.290000000000006,Aazad Samaj Party (Kanshi Ram),81305,7.98,45369.0,4.450000000000001
DUM DUM,WEST BENGAL,All India Trinamool Congress,528579,41.95,70660,5.609999999999999,Bharatiya Janata Party,457919,36.34,217135,17.230000000000004,Communist Party of India  (Marxist),240784,19.11,234373.0,18.599999999999998
DUMKA,JHARKHAND,Jharkhand Mukti Morcha,547370,46.23,22527,1.9099999999999966,Bharatiya Janata Party,524843,44.32,503471,42.52,Independent,21372,1.8,2012.0,0.17000000000000015
ERODE,TAMIL NADU,Dravida Munnetra Kazhagam,562339,51.43,236566,21.64,All India Anna Dravida Munnetra Kazhagam,325773,29.79,242977,22.22,Naam Tamilar Katchi,82796,7.57,4885.0,0.4400000000000004
ELURU,ANDHRA PRADESH,Telugu Desam,746351,54.0,181857,13.159999999999997,Yuvajana Sramika Rythu Congress Party,564494,40.84,543668,39.330000000000005,Indian National Congress,20826,1.51,8616.0,0.63
ERNAKULAM,KERALA,Indian National Congress,482317,52.97,250385,27.5,Communist Party of India  (Marxist),231932,25.47,87432,9.6,Bharatiya Janata Party,144500,15.87,104692.0,11.5
ETAH,UTTAR PRADESH,Samajwadi Party,475808,47.09,28052,2.770000000000003,Bharatiya Janata Party,447756,44.32,376171,37.24,Bahujan Samaj Party,71585,7.08,67636.0,6.69
ETAWAH,UTTAR PRADESH,Samajwadi Party,490747,47.47,58419,5.649999999999999,Bharatiya Janata Party,432328,41.82,335787,32.480000000000004,Bahujan Samaj Party,96541,9.34,93578.0,9.05
FAIZABAD,UTTAR PRADESH,Samajwadi Party,554289,48.59,54567,4.780000000000001,Bharatiya Janata Party,499722,43.81,453315,39.74,Bahujan Samaj Party,46407,4.07,31040.0,2.72
FARRUKHABAD,UTTAR PRADESH,Bharatiya Janata Party,487963,47.2,2678,0.2600000000000051,Samajwadi Party,485285,46.94,439895,42.55,Bahujan Samaj Party,45390,4.39,42032.0,4.069999999999999
FATEHGARH SAHIB,PUNJAB,Indian National Congress,332591,34.14,34202,3.5100000000000016,Aam Aadmi Party,298389,30.63,170868,17.54,Bharatiya Janata Party,127521,13.09,791.0,0.08000000000000007
FATEHPUR,UTTAR PRADESH,Samajwadi Party,500328,45.2,33199,3.0,Bharatiya Janata Party,467129,42.2,376159,33.980000000000004,Bahujan Samaj Party,90970,8.22,83050.0,7.500000000000001
FATEHPUR SIKRI,UTTAR PRADESH,Bharatiya Janata Party,445657,43.09,43405,4.190000000000005,Indian National Congress,402252,38.9,281713,27.24,Bahujan Samaj Party,120539,11.66,71933.0,6.96
FIROZABAD,UTTAR PRADESH,Samajwadi Party,543037,49.04,89312,8.060000000000002,Bharatiya Janata Party,453725,40.98,362777,32.769999999999996,Bahujan Samaj Party,90948,8.21,83829.0,7.570000000000001
FIROZPUR,PUNJAB,Indian National Congress,266626,23.7,3242,0.28999999999999915,Aam Aadmi Party,263384,23.41,8287,0.7399999999999984,Bharatiya Janata Party,255097,22.67,1452.0,0.13000000000000256
GANGANAGAR,RAJASTHAN,Indian National Congress,726492,51.4,88153,6.240000000000002,Bharatiya Janata Party,638339,45.16,622037,44.01,Bahujan Samaj Party,16302,1.15,11927.0,0.8399999999999999
GUNA,MADHYA PRADESH,Bharatiya Janata Party,923302,67.21,540929,39.379999999999995,Indian National Congress,382373,27.83,352138,25.63,Bahujan Samaj Party,30235,2.2,24379.0,1.7700000000000002
GWALIOR,MADHYA PRADESH,Bharatiya Janata Party,671535,49.99,70210,5.219999999999999,Indian National Congress,601325,44.77,567860,42.28,Bahujan Samaj Party,33465,2.49,27573.0,2.0500000000000003
GADCHIROLI - CHIMUR,MAHARASHTRA,Indian National Congress,617792,52.97,141696,12.149999999999999,Bharatiya Janata Party,476096,40.82,457041,39.19,Bahujan Samaj Party,19055,1.63,3133.0,0.2599999999999998
GANDHINAGAR,GUJARAT,Bharatiya Janata Party,1010972,76.48,744716,56.34,Indian National Congress,266256,20.14,258862,19.580000000000002,Bahujan Samaj Party,7394,0.56,5062.0,0.38000000000000006
GARHWAL,UTTARAKHAND,Bharatiya Janata Party,432159,58.6,163503,22.17,Indian National Congress,268656,36.43,263834,35.78,Independent,4822,0.65,261.0,0.030000000000000027
GAUTAM BUDDHA NAGAR,UTTAR PRADESH,Bharatiya Janata Party,857829,59.69,559472,38.92999999999999,Samajwadi Party,298357,20.76,46742,3.25,Bahujan Samaj Party,251615,17.51,247740.0,17.240000000000002
GAYA,BIHAR,Hindustani Awam Morcha (Secular),494960,51.36,101812,10.560000000000002,Rashtriya Janata Dal,393148,40.8,380772,39.519999999999996,Bahujan Samaj Party,12376,1.28,3165.0,0.32000000000000006
GHATAL,WEST BENGAL,All India Trinamool Congress,837990,52.36,182868,11.43,Bharatiya Janata Party,655122,40.93,580214,36.25,Communist Party of India,74908,4.68,66967.0,4.18
GHAZIABAD,UTTAR PRADESH,Bharatiya Janata Party,854170,58.09,336965,22.92,Indian National Congress,517205,35.17,437680,29.76,Bahujan Samaj Party,79525,5.41,77559.0,5.28
GHAZIPUR,UTTAR PRADESH,Samajwadi Party,539912,46.82,124861,10.829999999999998,Bharatiya Janata Party,415051,35.99,250087,21.68,Bahujan Samaj Party,164964,14.31,159890.0,13.870000000000001
GHOSI,UTTAR PRADESH,Samajwadi Party,503131,43.73,162943,14.159999999999997,Suheldev Bharatiya Samaj Party,340188,29.57,130784,11.370000000000001,Bahujan Samaj Party,209404,18.2,161877.0,14.07
GIRIDIH,JHARKHAND,AJSU Party,451139,35.67,80880,6.400000000000002,Jharkhand Mukti Morcha,370259,29.27,22937,1.8099999999999987,Independent,347322,27.46,333248.0,26.35
GODDA,JHARKHAND,Bharatiya Janata Party,693140,49.57,101813,7.280000000000001,Indian National Congress,591327,42.29,564490,40.37,Independent,26837,1.92,9400.0,0.6699999999999999
GONDA,UTTAR PRADESH,Bharatiya Janata Party,474258,49.77,46224,4.850000000000001,Samajwadi Party,428034,44.92,398605,41.83,Bahujan Samaj Party,29429,3.09,25894.0,2.7199999999999998
GOPALGANJ,BIHAR,Janata Dal  (United),511866,48.15,127180,11.96,Vikassheel Insaan Party,384686,36.19,354694,33.37,All India Majlis-E-Ittehadul Muslimeen,29992,2.82,720.0,0.06999999999999984
GORAKHPUR,UTTAR PRADESH,Bharatiya Janata Party,585834,50.75,103526,8.969999999999999,Samajwadi Party,482308,41.78,426527,36.95,Bahujan Samaj Party,55781,4.83,50826.0,4.4
GULBARGA,KARNATAKA,Indian National Congress,652321,49.78,27205,2.0799999999999983,Bharatiya Janata Party,625116,47.7,617228,47.1,Bahujan Samaj Party,7888,0.6,4211.0,0.31999999999999995
GUNTUR,ANDHRA PRADESH,Telugu Desam,864948,60.68,344695,24.18,Yuvajana Sramika Rythu Congress Party,520253,36.5,511616,35.89,Communist Party of India,8637,0.61,3008.0,0.21999999999999997
GURDASPUR,PUNJAB,Indian National Congress,364043,33.78,82861,7.690000000000001,Bharatiya Janata Party,281182,26.09,3930,0.370000000000001,Aam Aadmi Party,277252,25.72,191752.0,17.79
GUWAHATI,ASSAM,Bharatiya Janata Party,894887,55.95,251090,15.700000000000003,Indian National Congress,643797,40.25,635249,39.72,Voters Party  International,8548,0.53,870.0,0.050000000000000044
HAMIRPUR,HIMACHAL PRADESH,Bharatiya Janata Party,607068,57.97,182357,17.42,Indian National Congress,424711,40.55,421953,40.29,Bahujan Samaj Party,2758,0.26,994.0,0.09
HISAR,HARYANA,Indian National Congress,570424,48.58,63381,5.390000000000001,Bharatiya Janata Party,507043,43.19,481028,40.97,Bahujan Samaj Party,26015,2.22,3712.0,0.3200000000000003
HOSHANGABAD,MADHYA PRADESH,Bharatiya Janata Party,812147,64.99,431696,34.55,Indian National Congress,380451,30.44,365064,29.21,Bahujan Samaj Party,15387,1.23,9219.0,0.74
HAJIPUR,BIHAR,Lok Janshakti Party(Ram Vilas),615718,53.29,170105,14.719999999999999,Rashtriya Janata Dal,445613,38.57,428368,37.08,Independent,17245,1.49,8566.0,0.74
HAMIRPUR,UTTAR PRADESH,Samajwadi Party,490683,44.0,2629,0.240000000000002,Bharatiya Janata Party,488054,43.76,393358,35.269999999999996,Bahujan Samaj Party,94696,8.49,88289.0,7.92
HARDOI,UTTAR PRADESH,Bharatiya Janata Party,486798,44.25,27856,2.530000000000001,Samajwadi Party,458942,41.72,336313,30.57,Bahujan Samaj Party,122629,11.15,117731.0,10.700000000000001
HASSAN,KARNATAKA,Indian National Congress,672988,49.67,42649,3.1499999999999986,Janata Dal  (Secular),630339,46.52,618166,45.620000000000005,Bahujan Samaj Party,12173,0.9,6116.0,0.45
HATHRAS,UTTAR PRADESH,Bharatiya Janata Party,554746,51.24,247318,22.85,Samajwadi Party,307428,28.39,106165,9.8,Bahujan Samaj Party,201263,18.59,198202.0,18.31
HAVERI,KARNATAKA,Bharatiya Janata Party,705538,50.55,43513,3.1199999999999974,Indian National Congress,662025,47.43,657318,47.089999999999996,Independent,4707,0.34,1306.0,0.10000000000000003
HINDUPUR,ANDHRA PRADESH,Telugu Desam,725534,51.23,132427,9.349999999999994,Yuvajana Sramika Rythu Congress Party,593107,41.88,538048,37.99,Indian National Congress,55059,3.89,47044.0,3.3200000000000003
HINGOLI,MAHARASHTRA,Shiv Sena (Uddhav Balasaheb Thackrey),492535,42.49,108602,9.370000000000005,Shiv Sena,383933,33.12,222119,19.159999999999997,Vanchit Bahujan  Aaghadi,161814,13.96,147072.0,12.690000000000001
HOOGHLY,WEST BENGAL,All India Trinamool Congress,702744,46.31,76853,5.07,Bharatiya Janata Party,625891,41.24,485972,32.02,Communist Party of India  (Marxist),139919,9.22,130651.0,8.610000000000001
HOSHIARPUR,PUNJAB,Aam Aadmi Party,303859,32.04,44111,4.649999999999999,Indian National Congress,259748,27.39,59754,6.300000000000001,Bharatiya Janata Party,199994,21.09,108205.0,11.41
HOWRAH,WEST BENGAL,All India Trinamool Congress,626493,49.26,169442,13.32,Bharatiya Janata Party,457051,35.94,305046,23.99,Communist Party of India  (Marxist),152005,11.95,145651.0,11.45
INDORE,MADHYA PRADESH,Bharatiya Janata Party,1226751,78.54,1175092,75.23,Bahujan Samaj Party,51659,3.31,36449,2.34,Akhil Bhartiya Parivar Party,15210,0.97,6818.0,0.42999999999999994
IDUKKI,KERALA,Indian National Congress,432372,51.43,133727,15.899999999999999,Communist Party of India  (Marxist),298645,35.53,207322,24.67,Bharath Dharma Jana Sena,91323,10.86,86886.0,10.33
INNER MANIPUR,MANIPUR,Indian National Congress,374017,46.93,109801,13.770000000000003,Bharatiya Janata Party,264216,33.16,128576,16.139999999999997,Republican Party of India (Athawale),135640,17.02,122590.0,15.379999999999999
JABALPUR,MADHYA PRADESH,Bharatiya Janata Party,790133,68.2,486674,42.010000000000005,Indian National Congress,303459,26.19,282043,24.34,Bahujan Samaj Party,21416,1.85,14373.0,1.2400000000000002
JAIPUR,RAJASTHAN,Bharatiya Janata Party,886850,60.61,331767,22.68,Indian National Congress,555083,37.93,551622,37.69,Bahujan Samaj Party,3461,0.24,1259.0,0.09
JAIPUR RURAL,RAJASTHAN,Bharatiya Janata Party,617877,48.96,1615,0.13000000000000256,Indian National Congress,616262,48.83,612412,48.519999999999996,Bahujan Samaj Party,3850,0.31,143.0,0.020000000000000018
JALORE,RAJASTHAN,Bharatiya Janata Party,796783,54.91,201543,13.889999999999993,Indian National Congress,595240,41.02,585131,40.32,Bharat Adivasi Party,10109,0.7,237.0,0.019999999999999907
JANJGIR-CHAMPA,CHHATTISGARH,Bharatiya Janata Party,678199,48.71,60000,4.310000000000002,Indian National Congress,618199,44.4,569698,40.92,Bahujan Samaj Party,48501,3.48,40342.0,2.89
JHUNJHUNU,RAJASTHAN,Indian National Congress,553168,49.44,18235,1.6299999999999955,Bharatiya Janata Party,534933,47.81,527243,47.120000000000005,Independent,7690,0.69,823.0,0.07999999999999996
JODHPUR,RAJASTHAN,Bharatiya Janata Party,730056,52.76,115677,8.36,Indian National Congress,614379,44.4,606950,43.86,Independent,7429,0.54,1034.0,0.08000000000000002
JADAVPUR,WEST BENGAL,All India Trinamool Congress,717899,45.83,258201,16.479999999999997,Bharatiya Janata Party,459698,29.35,200986,12.830000000000002,Communist Party of India  (Marxist),258712,16.52,175350.0,11.2
JAGATSINGHPUR,ODISHA,Bharatiya Janata Party,589093,45.8,40696,3.1699999999999946,Biju Janata Dal,548397,42.63,424827,33.02,Indian National Congress,123570,9.61,115440.0,8.979999999999999
JAHANABAD,BIHAR,Rashtriya Janata Dal,443035,47.88,142591,15.410000000000004,Janata Dal  (United),300444,32.47,214064,23.14,Bahujan Samaj Party,86380,9.33,70257.0,7.59
JAJPUR,ODISHA,Bharatiya Janata Party,534239,46.01,1587,0.14000000000000057,Biju Janata Dal,532652,45.87,479507,41.29,Indian National Congress,53145,4.58,35138.0,3.0300000000000002
JALANDHAR,PUNJAB,Indian National Congress,390053,39.43,175993,17.79,Bharatiya Janata Party,214060,21.64,5171,0.5199999999999996,Aam Aadmi Party,208889,21.12,140978.0,14.25
JALAUN,UTTAR PRADESH,Samajwadi Party,530180,46.96,53898,4.770000000000003,Bharatiya Janata Party,476282,42.19,376034,33.309999999999995,Bahujan Samaj Party,100248,8.88,95575.0,8.47
JALGAON,MAHARASHTRA,Bharatiya Janata Party,674428,57.67,251594,21.520000000000003,Shiv Sena (Uddhav Balasaheb Thackrey),422834,36.15,401657,34.339999999999996,Vanchit Bahujan  Aaghadi,21177,1.81,13629.0,1.1600000000000001
JALNA,MAHARASHTRA,Indian National Congress,607897,44.59,109958,8.07,Bharatiya Janata Party,497939,36.52,342009,25.080000000000005,Independent,155930,11.44,118120.0,8.67
JALPAIGURI,WEST BENGAL,Bharatiya Janata Party,766568,48.57,86693,5.5,All India Trinamool Congress,679875,43.07,605783,38.38,Communist Party of India  (Marxist),74092,4.69,64185.0,4.0600000000000005
JAMNAGAR,GUJARAT,Bharatiya Janata Party,620049,58.98,238008,22.639999999999993,Indian National Congress,382041,36.34,370579,35.25,Bahujan Samaj Party,11462,1.09,4460.0,0.42000000000000004
JAUNPUR,UTTAR PRADESH,Samajwadi Party,509130,46.21,99335,9.020000000000003,Bharatiya Janata Party,409795,37.19,252658,22.93,Bahujan Samaj Party,157137,14.26,154382.0,14.01
JHANJHARPUR,BIHAR,Janata Dal  (United),533032,48.73,184169,16.83,Vikassheel Insaan Party,348863,31.9,274979,25.14,Bahujan Samaj Party,73884,6.76,47874.0,4.38
JHANSI,UTTAR PRADESH,Bharatiya Janata Party,690316,50.0,102614,7.43,Indian National Congress,587702,42.57,524510,37.99,Bahujan Samaj Party,63192,4.58,56360.0,4.09
JHARGRAM,WEST BENGAL,All India Trinamool Congress,743478,49.87,174048,11.669999999999995,Bharatiya Janata Party,569430,38.2,492128,33.010000000000005,Communist Party of India  (Marxist),77302,5.19,57808.0,3.8800000000000003
JOYNAGAR,WEST BENGAL,All India Trinamool Congress,894312,60.32,470219,31.72,Bharatiya Janata Party,424093,28.6,358721,24.19,All India Secular Front,65372,4.41,25259.0,1.7000000000000002
JUNAGADH,GUJARAT,Bharatiya Janata Party,584049,54.67,135494,12.68,Indian National Congress,448555,41.99,441273,41.31,Bahujan Samaj Party,7282,0.68,2093.0,0.19000000000000006
KALLAKURICHI,TAMIL NADU,Dravida Munnetra Kazhagam,561589,44.94,53784,4.299999999999997,All India Anna Dravida Munnetra Kazhagam,507805,40.64,434153,34.75,Naam Tamilar Katchi,73652,5.89,2362.0,0.17999999999999972
KANCHEEPURAM,TAMIL NADU,Dravida Munnetra Kazhagam,586044,46.53,221473,17.59,All India Anna Dravida Munnetra Kazhagam,364571,28.94,199640,15.850000000000001,Pattali Makkal Katchi,164931,13.09,54659.0,4.34
KANGRA,HIMACHAL PRADESH,Bharatiya Janata Party,632793,61.03,251895,24.29,Indian National Congress,380898,36.74,373145,35.99,Bahujan Samaj Party,7753,0.75,5434.0,0.53
KARAULI-DHOLPUR,RAJASTHAN,Indian National Congress,530011,53.64,98945,10.020000000000003,Bharatiya Janata Party,431066,43.62,416954,42.19,Bahujan Samaj Party,14112,1.43,8639.0,0.8799999999999999
KARNAL,HARYANA,Bharatiya Janata Party,739285,54.93,232577,17.28,Indian National Congress,506708,37.65,474200,35.23,Bahujan Samaj Party,32508,2.42,3357.0,0.25
KARUR,TAMIL NADU,Indian National Congress,534906,47.25,166816,14.729999999999997,All India Anna Dravida Munnetra Kazhagam,368090,32.52,265608,23.470000000000002,Bharatiya Janata Party,102482,9.05,14979.0,1.3200000000000003
KHAJURAHO,MADHYA PRADESH,Bharatiya Janata Party,772774,67.75,541229,47.45,Bahujan Samaj Party,231545,20.3,181330,15.9,All India Forward Bloc,50215,4.4,32342.0,2.83
KHANDWA,MADHYA PRADESH,Bharatiya Janata Party,862679,57.04,269971,17.85,Indian National Congress,592708,39.19,580890,38.41,Bahujan Samaj Party,11818,0.78,2519.0,0.17000000000000004
KHARGONE,MADHYA PRADESH,Bharatiya Janata Party,819863,52.6,135018,8.670000000000002,Indian National Congress,684845,43.93,670159,42.99,Communist Party of India,14686,0.94,2617.0,0.16999999999999993
KORBA,CHHATTISGARH,Indian National Congress,570182,46.53,43283,3.530000000000001,Bharatiya Janata Party,526899,43.0,478312,39.03,Gondvana Gantantra Party,48587,3.97,37319.0,3.0500000000000003
KOTA,RAJASTHAN,Bharatiya Janata Party,750496,50.03,41974,2.8000000000000043,Indian National Congress,708522,47.23,700947,46.73,Bahujan Samaj Party,7575,0.5,1800.0,0.12
KURUKSHETRA,HARYANA,Bharatiya Janata Party,542175,44.96,29021,2.4100000000000037,Aam Aadmi Party,513154,42.55,434446,36.019999999999996,Indian National Lok Dal,78708,6.53,57764.0,4.79
KACHCHH,GUJARAT,Bharatiya Janata Party,659574,60.23,268782,24.549999999999997,Indian National Congress,390792,35.68,384681,35.12,Bahujan Samaj Party,6111,0.56,960.0,0.09000000000000008
KADAPA,ANDHRA PRADESH,Yuvajana Sramika Rythu Congress Party,605143,45.78,62695,4.75,Telugu Desam,542448,41.03,401409,30.36,Indian National Congress,141039,10.67,137229.0,10.38
KAIRANA,UTTAR PRADESH,Samajwadi Party,528013,48.9,69116,6.399999999999999,Bharatiya Janata Party,458897,42.5,382697,35.44,Bahujan Samaj Party,76200,7.06,72880.0,6.75
KAISERGANJ,UTTAR PRADESH,Bharatiya Janata Party,571263,53.79,148843,14.019999999999996,Samajwadi Party,422420,39.77,378141,35.6,Bahujan Samaj Party,44279,4.17,35029.0,3.3
KAKINADA,ANDHRA PRADESH,Janasena Party,729699,54.87,229491,17.25,Yuvajana Sramika Rythu Congress Party,500208,37.62,479099,36.029999999999994,Indian National Congress,21109,1.59,5406.0,0.41000000000000014
KALAHANDI,ODISHA,Bharatiya Janata Party,544303,40.79,133813,10.02,Biju Janata Dal,410490,30.77,107291,8.05,Indian National Congress,303199,22.72,294005.0,22.029999999999998
KALYAN,MAHARASHTRA,Shiv Sena,589636,56.38,209144,19.990000000000002,Shiv Sena (Uddhav Balasaheb Thackrey),380492,36.39,361751,34.6,Vanchit Bahujan  Aaghadi,18741,1.79,7400.0,0.71
KANDHAMAL,ODISHA,Bharatiya Janata Party,416415,41.8,21371,2.1400000000000006,Biju Janata Dal,395044,39.66,250722,25.169999999999995,Indian National Congress,144322,14.49,136992.0,13.75
KANNAUJ,UTTAR PRADESH,Samajwadi Party,642292,52.74,170922,14.030000000000001,Bharatiya Janata Party,471370,38.71,389731,32.01,Bahujan Samaj Party,81639,6.7,77147.0,6.33
KANNUR,KERALA,Indian National Congress,518524,48.74,108982,10.240000000000002,Communist Party of India  (Marxist),409542,38.5,289666,27.23,Bharatiya Janata Party,119876,11.27,117227.0,11.02
KANPUR,UTTAR PRADESH,Bharatiya Janata Party,443055,49.93,20968,2.3699999999999974,Indian National Congress,422087,47.56,410055,46.2,Bahujan Samaj Party,12032,1.36,10058.0,1.1400000000000001
KANTHI,WEST BENGAL,Bharatiya Janata Party,763195,49.85,47764,3.1200000000000045,All India Trinamool Congress,715431,46.73,684309,44.699999999999996,Indian National Congress,31122,2.03,25468.0,1.6599999999999997
KARAKAT,BIHAR,Communist Party of India  (Marxist-Leninist)  (Liberation),380581,36.89,105858,10.260000000000002,Independent,274723,26.63,20847,2.0199999999999996,Rashtriya Lok Morcha,253876,24.61,230219.0,22.32
KARIMGANJ,ASSAM,Bharatiya Janata Party,545093,47.53,18360,1.6000000000000014,Indian National Congress,526733,45.93,497528,43.38,All India United Democratic Front,29205,2.55,22096.0,1.9299999999999997
KARIMNAGAR,TELANGANA,Bharatiya Janata Party,585116,44.57,225209,17.16,Indian National Congress,359907,27.41,77744,5.920000000000002,Bharat Rashtra Samithi,282163,21.49,270551.0,20.61
KASARAGOD,KERALA,Indian National Congress,490659,44.1,100649,9.04,Communist Party of India  (Marxist),390010,35.06,170452,15.330000000000002,Bharatiya Janata Party,219558,19.73,217946.0,19.59
KATIHAR,BIHAR,Indian National Congress,567092,48.41,49863,4.259999999999998,Janata Dal  (United),517229,44.15,502731,42.91,Bahujan Samaj Party,14498,1.24,2181.0,0.18999999999999995
KAUSHAMBI,UTTAR PRADESH,Samajwadi Party,509787,50.51,103944,10.299999999999997,Bharatiya Janata Party,405843,40.21,349985,34.68,Bahujan Samaj Party,55858,5.53,50674.0,5.0200000000000005
KAZIRANGA,ASSAM,Bharatiya Janata Party,897043,55.04,248947,15.280000000000001,Indian National Congress,648096,39.76,636353,39.04,Independent,11743,0.72,1064.0,0.05999999999999994
KENDRAPARA,ODISHA,Bharatiya Janata Party,615705,48.21,66536,5.210000000000001,Biju Janata Dal,549169,43.0,454337,35.57,Indian National Congress,94832,7.43,91437.0,7.16
KEONJHAR,ODISHA,Bharatiya Janata Party,573923,45.67,97042,7.719999999999999,Biju Janata Dal,476881,37.95,371603,29.57,Indian National Congress,105278,8.38,73542.0,5.850000000000001
KHADOOR SAHIB,PUNJAB,Independent,404430,38.62,197120,18.819999999999997,Indian National Congress,207310,19.8,12474,1.1900000000000013,Aam Aadmi Party,194836,18.61,108420.0,10.36
KHAGARIA,BIHAR,Lok Janshakti Party(Ram Vilas),538657,50.73,161131,15.18,Communist Party of India  (Marxist),377526,35.55,350131,32.97,Independent,27395,2.58,2912.0,0.27
KHEDA,GUJARAT,Bharatiya Janata Party,744435,63.31,357758,30.43,Indian National Congress,386677,32.88,380525,32.36,Bahujan Samaj Party,6152,0.52,13.0,0.0
KHERI,UTTAR PRADESH,Samajwadi Party,557365,45.94,34329,2.8299999999999983,Bharatiya Janata Party,523036,43.11,412576,34.01,Bahujan Samaj Party,110460,9.1,107364.0,8.84
KHUNTI,JHARKHAND,Indian National Congress,511647,54.62,149675,15.979999999999997,Bharatiya Janata Party,361972,38.64,349672,37.33,Bahujan Samaj Party,12300,1.31,1545.0,0.16000000000000014
KISHANGANJ,BIHAR,Indian National Congress,402850,35.0,59692,5.190000000000001,Janata Dal  (United),343158,29.81,33894,2.9399999999999977,All India Majlis-E-Ittehadul Muslimeen,309264,26.87,297446.0,25.84
KODARMA,JHARKHAND,Bharatiya Janata Party,791657,57.79,377014,27.52,Communist Party of India  (Marxist-Leninist)  (Liberation),414643,30.27,386031,28.18,Independent,28612,2.09,5389.0,0.3899999999999999
KOKRAJHAR,ASSAM,"United People’s Party, Liberal",488995,39.39,51583,4.160000000000004,Bodoland Peoples Front,437412,35.23,323676,26.069999999999997,Indian National Congress,113736,9.16,19547.0,1.5700000000000003
KOLHAPUR,MAHARASHTRA,Indian National Congress,754522,54.15,154964,11.119999999999997,Shiv Sena,599558,43.03,595556,42.74,Bahujan Samaj Party,4002,0.29,178.0,0.019999999999999962
KOLKATA DAKSHIN,WEST BENGAL,All India Trinamool Congress,615274,49.48,187231,15.059999999999995,Bharatiya Janata Party,428043,34.42,259512,20.87,Communist Party of India  (Marxist),168531,13.55,164499.0,13.23
KOLKATA UTTAR,WEST BENGAL,All India Trinamool Congress,454696,47.44,92560,9.659999999999997,Bharatiya Janata Party,362136,37.78,247154,25.78,Indian National Congress,114982,12.0,111324.0,11.62
KOLLAM,KERALA,Revolutionary Socialist Party,443628,48.45,150302,16.42,Communist Party of India  (Marxist),293326,32.03,130116,14.21,Bharatiya Janata Party,163210,17.82,161016.0,17.580000000000002
KOPPAL,KARNATAKA,Indian National Congress,663511,49.93,46357,3.490000000000002,Bharatiya Janata Party,617154,46.44,609840,45.89,Independent,7314,0.55,271.0,0.020000000000000018
KOTTAYAM,KERALA,Kerala Congress,364631,43.6,87266,10.43,Kerala Congress  (M),277365,33.17,112319,13.430000000000003,Bharath Dharma Jana Sena,165046,19.74,157823.0,18.88
KOZHIKODE,KERALA,Indian National Congress,520421,47.74,146176,13.410000000000004,Communist Party of India  (Marxist),374245,34.33,193579,17.759999999999998,Bharatiya Janata Party,180666,16.57,178951.0,16.41
KRISHNANAGAR,WEST BENGAL,All India Trinamool Congress,628789,44.1,56705,3.969999999999999,Bharatiya Janata Party,572084,40.13,391883,27.490000000000002,Communist Party of India  (Marxist),180201,12.64,171530.0,12.030000000000001
KURNOOLU,ANDHRA PRADESH,Telugu Desam,658914,49.51,111298,8.36,Yuvajana Sramika Rythu Congress Party,547616,41.15,477243,35.86,Indian National Congress,70373,5.29,61784.0,4.64
KUSHI NAGAR,UTTAR PRADESH,Bharatiya Janata Party,516345,47.79,81790,7.57,Samajwadi Party,434555,40.22,367347,34.0,Bahujan Samaj Party,67208,6.22,30633.0,2.8299999999999996
LAKHIMPUR,ASSAM,Bharatiya Janata Party,663122,54.75,201257,16.619999999999997,Indian National Congress,461865,38.13,442234,36.510000000000005,Communist Party of India,19631,1.62,5434.0,0.4500000000000002
LALGANJ,UTTAR PRADESH,Samajwadi Party,439959,43.85,115023,11.469999999999999,Bharatiya Janata Party,324936,32.38,114883,11.450000000000003,Bahujan Samaj Party,210053,20.93,197782.0,19.71
LATUR,MAHARASHTRA,Indian National Congress,609021,49.15,61881,4.990000000000002,Bharatiya Janata Party,547140,44.16,504915,40.75,Vanchit Bahujan  Aaghadi,42225,3.41,37047.0,2.99
LOHARDAGA,JHARKHAND,Indian National Congress,483038,49.95,139138,14.39,Bharatiya Janata Party,343900,35.56,297902,30.800000000000004,Independent,45998,4.76,29205.0,3.0199999999999996
LUCKNOW,UTTAR PRADESH,Bharatiya Janata Party,612709,53.89,135159,11.89,Samajwadi Party,477550,42.0,447358,39.34,Bahujan Samaj Party,30192,2.66,26937.0,2.37
LUDHIANA,PUNJAB,Indian National Congress,322224,30.42,20942,1.9700000000000024,Bharatiya Janata Party,301282,28.45,64205,6.07,Aam Aadmi Party,237077,22.38,146857.0,13.86
MADURAI,TAMIL NADU,Communist Party of India  (Marxist),430323,43.6,209409,21.220000000000002,Bharatiya Janata Party,220914,22.38,16110,1.629999999999999,All India Anna Dravida Munnetra Kazhagam,204804,20.75,111925.0,11.34
MANDI,HIMACHAL PRADESH,Bharatiya Janata Party,537022,52.87,74755,7.359999999999999,Indian National Congress,462267,45.51,457874,45.08,Bahujan Samaj Party,4393,0.43,1946.0,0.19
MANDLA,MADHYA PRADESH,Bharatiya Janata Party,751375,48.93,103846,6.759999999999998,Indian National Congress,647529,42.17,609732,39.71,Gondvana Gantantra Party,37797,2.46,21180.0,1.38
MANDSOUR,MADHYA PRADESH,Bharatiya Janata Party,945761,65.98,500655,34.93000000000001,Indian National Congress,445106,31.05,434594,30.32,Bahujan Samaj Party,10512,0.73,1686.0,0.10999999999999999
MAYILADUTHURAI,TAMIL NADU,Indian National Congress,518459,47.67,271183,24.94,All India Anna Dravida Munnetra Kazhagam,247276,22.73,80839,7.43,Pattali Makkal Katchi,166437,15.3,38795.0,3.5700000000000003
MORENA,MADHYA PRADESH,Bharatiya Janata Party,515477,43.41,52530,4.419999999999995,Indian National Congress,462947,38.99,283278,23.86,Bahujan Samaj Party,179669,15.13,172125.0,14.49
MACHHLISHAHR,UTTAR PRADESH,Samajwadi Party,451292,42.57,35850,3.3800000000000026,Bharatiya Janata Party,415442,39.19,258151,24.349999999999998,Bahujan Samaj Party,157291,14.84,151484.0,14.29
MACHILIPATNAM,ANDHRA PRADESH,Janasena Party,724439,55.22,223179,17.009999999999998,Yuvajana Sramika Rythu Congress Party,501260,38.21,469435,35.78,Indian National Congress,31825,2.43,20684.0,1.58
MADHA,MAHARASHTRA,Nationalist Congress Party – Sharadchandra Pawar,622213,48.86,120837,9.490000000000002,Bharatiya Janata Party,501376,39.37,442955,34.78,New Rashtriya Samaj Party,58421,4.59,37817.0,2.9699999999999998
MADHEPURA,BIHAR,Janata Dal  (United),640649,52.96,174534,14.43,Rashtriya Janata Dal,466115,38.53,450681,37.25,Aadarsh Mithila Party,15434,1.28,2443.0,0.20999999999999996
MADHUBANI,BIHAR,Bharatiya Janata Party,553428,53.85,151945,14.780000000000001,Rashtriya Janata Dal,401483,39.07,388113,37.77,Independent,13370,1.3,6147.0,0.6000000000000001
MAHABUBABAD,TELANGANA,Indian National Congress,612774,55.27,349165,31.500000000000004,Bharat Rashtra Samithi,263609,23.77,153165,13.809999999999999,Bharatiya Janata Party,110444,9.96,71308.0,6.4300000000000015
MAHARAJGANJ,BIHAR,Bharatiya Janata Party,529533,52.22,102651,10.129999999999995,Indian National Congress,426882,42.09,412044,40.63,Peoples Party of India (Democratic),14838,1.46,1436.0,0.1399999999999999
MAHARAJGANJ,UTTAR PRADESH,Bharatiya Janata Party,591310,48.85,35451,2.9299999999999997,Indian National Congress,555859,45.92,522904,43.2,Bahujan Samaj Party,32955,2.72,24372.0,2.0100000000000002
MAHBUBNAGAR,TELANGANA,Bharatiya Janata Party,510747,41.66,4500,0.36999999999999744,Indian National Congress,506247,41.29,351455,28.67,Bharat Rashtra Samithi,154792,12.62,148413.0,12.1
MAHESANA,GUJARAT,Bharatiya Janata Party,686406,63.74,328046,30.46,Indian National Congress,358360,33.28,348486,32.36,Bahujan Samaj Party,9874,0.92,5992.0,0.56
MAINPURI,UTTAR PRADESH,Samajwadi Party,598526,56.79,221639,21.03,Bharatiya Janata Party,376887,35.76,310073,29.419999999999998,Bahujan Samaj Party,66814,6.34,64440.0,6.109999999999999
MALAPPURAM,KERALA,Indian Union Muslim League,644006,59.35,300118,27.66,Communist Party of India  (Marxist),343888,31.69,258527,23.82,Bharatiya Janata Party,85361,7.87,83944.0,7.74
MALDAHA DAKSHIN,WEST BENGAL,Indian National Congress,572395,41.79,128368,9.369999999999997,Bharatiya Janata Party,444027,32.42,143001,10.440000000000001,All India Trinamool Congress,301026,21.98,292643.0,21.37
MALDAHA UTTAR,WEST BENGAL,Bharatiya Janata Party,527023,37.18,77708,5.48,All India Trinamool Congress,449315,31.7,64551,4.559999999999999,Indian National Congress,384764,27.14,376081.0,26.53
MALKAJGIRI,TELANGANA,Bharatiya Janata Party,991042,51.25,391475,20.25,Indian National Congress,599567,31.0,299081,15.46,Bharat Rashtra Samithi,300486,15.54,293686.0,15.19
MANDYA,KARNATAKA,Janata Dal  (Secular),851881,58.34,284620,19.490000000000002,Indian National Congress,567261,38.85,554867,38.0,Independent,12394,0.85,5430.0,0.37
MATHURA,UTTAR PRADESH,Bharatiya Janata Party,510064,53.3,293407,30.659999999999997,Indian National Congress,216657,22.64,28240,2.9499999999999993,Bahujan Samaj Party,188417,19.69,172752.0,18.05
MATHURAPUR,WEST BENGAL,All India Trinamool Congress,755731,50.52,201057,13.440000000000005,Bharatiya Janata Party,554674,37.08,467068,31.22,All India Secular Front,87606,5.86,26506.0,1.7800000000000002
MAVAL,MAHARASHTRA,Shiv Sena,692832,48.81,96615,6.810000000000002,Shiv Sena (Uddhav Balasaheb Thackrey),596217,42.0,568449,40.04,Vanchit Bahujan  Aaghadi,27768,1.96,13765.0,0.97
MAVELIKKARA,KERALA,Indian National Congress,369516,41.29,10868,1.2199999999999989,Communist Party of India,358648,40.07,215664,24.09,Bharath Dharma Jana Sena,142984,15.98,138010.0,15.42
MAYURBHANJ,ODISHA,Bharatiya Janata Party,585971,49.91,219334,18.679999999999996,Biju Janata Dal,366637,31.23,231238,19.700000000000003,Jharkhand Mukti Morcha,135399,11.53,126075.0,10.739999999999998
MEDAK,TELANGANA,Bharatiya Janata Party,471217,33.99,39139,2.8200000000000003,Indian National Congress,432078,31.17,35288,2.5500000000000007,Bharat Rashtra Samithi,396790,28.62,379574.0,27.380000000000003
MEDINIPUR,WEST BENGAL,All India Trinamool Congress,702192,47.4,27191,1.8399999999999963,Bharatiya Janata Party,675001,45.56,617216,41.660000000000004,Communist Party of India,57785,3.9,47994.0,3.2399999999999998
MEERUT,UTTAR PRADESH,Bharatiya Janata Party,546469,46.21,10585,0.8900000000000006,Samajwadi Party,535884,45.32,448859,37.96,Bahujan Samaj Party,87025,7.36,84399.0,7.140000000000001
MIRZAPUR,UTTAR PRADESH,Apna Dal (Soneylal),471631,42.67,37810,3.4200000000000017,Samajwadi Party,433821,39.25,289375,26.18,Bahujan Samaj Party,144446,13.07,133510.0,12.08
MISRIKH,UTTAR PRADESH,Bharatiya Janata Party,475016,45.15,33406,3.1700000000000017,Samajwadi Party,441610,41.98,329665,31.339999999999996,Bahujan Samaj Party,111945,10.64,107967.0,10.26
MOHANLALGANJ,UTTAR PRADESH,Samajwadi Party,667869,48.49,70292,5.109999999999999,Bharatiya Janata Party,597577,43.38,509116,36.96,Bahujan Samaj Party,88461,6.42,85800.0,6.2299999999999995
MORADABAD,UTTAR PRADESH,Samajwadi Party,637363,49.67,105762,8.240000000000002,Bharatiya Janata Party,531601,41.43,439288,34.24,Bahujan Samaj Party,92313,7.19,88219.0,6.87
MUMBAI NORTH,MAHARASHTRA,Bharatiya Janata Party,680146,65.68,357608,34.53000000000001,Indian National Congress,322538,31.15,316486,30.57,Vanchit Bahujan  Aaghadi,6052,0.58,3129.0,0.29999999999999993
MUMBAI NORTH CENTRAL,MAHARASHTRA,Indian National Congress,445545,48.93,16514,1.8100000000000023,Bharatiya Janata Party,429031,47.12,420743,46.21,Vanchit Bahujan  Aaghadi,8288,0.91,5045.0,0.55
MUMBAI NORTH EAST,MAHARASHTRA,Shiv Sena (Uddhav Balasaheb Thackrey),450937,48.67,29861,3.219999999999999,Bharatiya Janata Party,421076,45.45,406419,43.870000000000005,Vanchit Bahujan  Aaghadi,14657,1.58,6339.0,0.68
MUMBAI NORTH WEST,MAHARASHTRA,Shiv Sena,452644,47.4,48,0.0,Shiv Sena (Uddhav Balasaheb Thackrey),452596,47.4,442544,46.35,Vanchit Bahujan  Aaghadi,10052,1.05,5240.0,0.55
MUMBAI SOUTH,MAHARASHTRA,Shiv Sena (Uddhav Balasaheb Thackrey),395655,51.18,52673,6.82,Shiv Sena,342982,44.36,337370,43.63,Vanchit Bahujan  Aaghadi,5612,0.73,1134.0,0.15000000000000002
MUMBAI SOUTH CENTRAL,MAHARASHTRA,Shiv Sena (Uddhav Balasaheb Thackrey),395138,49.73,53384,6.719999999999999,Shiv Sena,341754,43.01,317887,40.01,Vanchit Bahujan  Aaghadi,23867,3.0,17335.0,2.18
MUNGER,BIHAR,Janata Dal  (United),550146,48.3,80870,7.099999999999994,Rashtriya Janata Dal,469276,41.2,448253,39.35,Independent,21023,1.85,5292.0,0.4700000000000002
MURSHIDABAD,WEST BENGAL,All India Trinamool Congress,682442,44.27,164215,10.650000000000006,Communist Party of India  (Marxist),518227,33.62,226196,14.679999999999996,Bharatiya Janata Party,292031,18.94,279661.0,18.14
MUZAFFARNAGAR,UTTAR PRADESH,Samajwadi Party,470721,43.64,24672,2.289999999999999,Bharatiya Janata Party,446049,41.35,302342,28.03,Bahujan Samaj Party,143707,13.32,136540.0,12.66
MUZAFFARPUR,BIHAR,Bharatiya Janata Party,619749,55.71,234927,21.119999999999997,Indian National Congress,384822,34.59,367597,33.040000000000006,Independent,17225,1.55,1607.0,0.15000000000000013
MYSORE,KARNATAKA,Bharatiya Janata Party,795503,53.59,139262,9.380000000000003,Indian National Congress,656241,44.21,651935,43.92,Independent,4306,0.29,226.0,0.019999999999999962
NAGAPATTINAM,TAMIL NADU,Communist Party of India,465044,47.79,208957,21.47,All India Anna Dravida Munnetra Kazhagam,256087,26.32,124793,12.83,Naam Tamilar Katchi,131294,13.49,29121.0,2.99
NAGAUR,RAJASTHAN,Rashtriya Loktantrik Party,596955,48.2,42225,3.4100000000000037,Bharatiya Janata Party,554730,44.79,528436,42.67,Abhinav Rajasthan Party,26294,2.12,2286.0,0.18000000000000016
NAMAKKAL,TAMIL NADU,Dravida Munnetra Kazhagam,462036,40.31,29112,2.539999999999999,All India Anna Dravida Munnetra Kazhagam,432924,37.77,328234,28.64,Bharatiya Janata Party,104690,9.13,9113.0,0.7900000000000009
NILGIRIS,TAMIL NADU,Dravida Munnetra Kazhagam,473212,46.44,240585,23.61,Bharatiya Janata Party,232627,22.83,12397,1.2199999999999989,All India Anna Dravida Munnetra Kazhagam,220230,21.61,161409.0,15.84
NABARANGPUR,ODISHA,Bharatiya Janata Party,481396,38.74,87536,7.040000000000003,Biju Janata Dal,393860,31.7,90468,7.279999999999998,Indian National Congress,303392,24.42,282833.0,22.770000000000003
NAGARKURNOOL,TELANGANA,Indian National Congress,465072,38.14,94414,7.740000000000002,Bharatiya Janata Party,370658,30.4,49315,4.039999999999999,Bharat Rashtra Samithi,321343,26.36,308789.0,25.33
NAGINA,UTTAR PRADESH,Aazad Samaj Party (Kanshi Ram),512552,51.19,151473,15.129999999999995,Bharatiya Janata Party,361079,36.06,258705,25.840000000000003,Samajwadi Party,102374,10.22,89102.0,8.89
NAGPUR,MAHARASHTRA,Bharatiya Janata Party,655027,54.08,137603,11.36,Indian National Congress,517424,42.72,498182,41.129999999999995,Bahujan Samaj Party,19242,1.59,17183.0,1.4200000000000002
NAINITAL-UDHAMSINGH NAGAR,UTTARAKHAND,Bharatiya Janata Party,772671,61.03,334548,26.42,Indian National Congress,438123,34.61,414668,32.76,Bahujan Samaj Party,23455,1.85,18553.0,1.46
NALANDA,BIHAR,Janata Dal  (United),559422,48.88,169114,14.770000000000003,Communist Party of India  (Marxist-Leninist)  (Liberation),390308,34.11,365017,31.9,Sanyukt Kisan Vikas Party,25291,2.21,6715.0,0.5899999999999999
NALGONDA,TELANGANA,Indian National Congress,784337,60.5,559905,43.19,Bharatiya Janata Party,224432,17.31,6015,0.4599999999999973,Bharat Rashtra Samithi,218417,16.85,207558.0,16.01
NANDED,MAHARASHTRA,Indian National Congress,528894,46.88,59442,5.270000000000003,Bharatiya Janata Party,469452,41.61,376940,33.41,Vanchit Bahujan  Aaghadi,92512,8.2,85611.0,7.589999999999999
NANDURBAR,MAHARASHTRA,Indian National Congress,745998,53.53,159120,11.420000000000002,Bharatiya Janata Party,586878,42.11,576234,41.35,Bahujan Samaj Party,10644,0.76,1757.0,0.12
NANDYAL,ANDHRA PRADESH,Telugu Desam,701131,49.92,111975,7.969999999999999,Yuvajana Sramika Rythu Congress Party,589156,41.95,532952,37.95,Indian National Congress,56204,4.0,48013.0,3.42
NARSARAOPET,ANDHRA PRADESH,Telugu Desam,807996,53.88,159729,10.650000000000006,Yuvajana Sramika Rythu Congress Party,648267,43.23,630221,42.029999999999994,Indian National Congress,18046,1.2,12737.0,0.85
NASHIK,MAHARASHTRA,Shiv Sena (Uddhav Balasaheb Thackrey),616729,49.85,162001,13.100000000000001,Shiv Sena,454728,36.75,407535,32.94,Vanchit Bahujan  Aaghadi,47193,3.81,2669.0,0.20999999999999996
NAVSARI,GUJARAT,Bharatiya Janata Party,1031065,77.05,773551,57.81,Indian National Congress,257514,19.24,249381,18.63,Bahujan Samaj Party,8133,0.61,3922.0,0.3
NAWADA,BIHAR,Bharatiya Janata Party,410608,47.2,67670,7.780000000000001,Rashtriya Janata Dal,342938,39.42,303419,34.88,Independent,39519,4.54,9837.0,1.13
NELLORE,ANDHRA PRADESH,Telugu Desam,766202,55.7,245902,17.880000000000003,Yuvajana Sramika Rythu Congress Party,520300,37.82,465456,33.83,Indian National Congress,54844,3.99,49033.0,3.5700000000000003
NIZAMABAD,TELANGANA,Bharatiya Janata Party,592318,48.02,109241,8.860000000000007,Indian National Congress,483077,39.16,380671,30.859999999999996,Bharat Rashtra Samithi,102406,8.3,96696.0,7.840000000000001
NORTH GOA,GOA,Bharatiya Janata Party,257326,56.43,116015,25.44,Indian National Congress,141311,30.99,95618,20.97,Revolutionary Goans Party,45693,10.02,44068.0,9.66
ONGOLE,ANDHRA PRADESH,Telugu Desam,701894,49.35,50199,3.530000000000001,Yuvajana Sramika Rythu Congress Party,651695,45.82,624973,43.94,Indian National Congress,26722,1.88,20408.0,1.44
OSMANABAD,MAHARASHTRA,Shiv Sena (Uddhav Balasaheb Thackrey),748752,58.45,329846,25.75,Nationalist Congress Party,418906,32.7,385504,30.090000000000003,Vanchit Bahujan  Aaghadi,33402,2.61,14436.0,1.13
PALI,RAJASTHAN,Bharatiya Janata Party,757389,55.94,245351,18.119999999999997,Indian National Congress,512038,37.82,493036,36.42,Independent,19002,1.4,1905.0,0.1399999999999999
PERAMBALUR,TAMIL NADU,Dravida Munnetra Kazhagam,603209,53.42,389107,34.46,All India Anna Dravida Munnetra Kazhagam,214102,18.96,52236,4.630000000000001,Bharatiya Janata Party,161866,14.33,48774.0,4.3100000000000005
POLLACHI,TAMIL NADU,Dravida Munnetra Kazhagam,533377,47.37,252042,22.389999999999997,All India Anna Dravida Munnetra Kazhagam,281335,24.98,57981,5.140000000000001,Bharatiya Janata Party,223354,19.84,165158.0,14.67
PALAKKAD,KERALA,Indian National Congress,421169,40.66,75283,7.269999999999996,Communist Party of India  (Marxist),345886,33.39,94108,9.080000000000002,Bharatiya Janata Party,251778,24.31,249646.0,24.099999999999998
PALAMAU,JHARKHAND,Bharatiya Janata Party,770362,55.39,288807,20.759999999999998,Rashtriya Janata Dal,481555,34.63,441555,31.750000000000004,Bahujan Samaj Party,40000,2.88,22125.0,1.5899999999999999
PALGHAR,MAHARASHTRA,Bharatiya Janata Party,601244,43.69,183306,13.319999999999997,Shiv Sena (Uddhav Balasaheb Thackrey),417938,30.37,163421,11.870000000000001,Bahujan Vikas Aaghadi,254517,18.5,239052.0,17.38
PANCHMAHAL,GUJARAT,Bharatiya Janata Party,794579,70.22,509342,45.01,Indian National Congress,285237,25.21,274838,24.29,Independent,10399,0.92,2010.0,0.18000000000000005
PARBHANI,MAHARASHTRA,Shiv Sena (Uddhav Balasaheb Thackrey),601343,45.17,134061,10.07,Rashtriya Samaj Paksha,467282,35.1,371315,27.89,Vanchit Bahujan  Aaghadi,95967,7.21,80572.0,6.05
PASCHIM CHAMPARAN,BIHAR,Bharatiya Janata Party,580421,53.43,136568,12.57,Indian National Congress,443853,40.86,430708,39.65,Viro Ke Vir Indian Party,13145,1.21,2183.0,0.19999999999999996
PATAN,GUJARAT,Bharatiya Janata Party,591947,49.61,31876,2.6700000000000017,Indian National Congress,560071,46.94,554206,46.449999999999996,Bahujan Samaj Party,5865,0.49,391.0,0.02999999999999997
PATHANAMTHITTA,KERALA,Indian National Congress,367623,39.98,66119,7.189999999999998,Communist Party of India  (Marxist),301504,32.79,67098,7.300000000000001,Bharatiya Janata Party,234406,25.49,230434.0,25.06
PATLIPUTRA,BIHAR,Rashtriya Janata Dal,613283,49.86,85174,6.93,Bharatiya Janata Party,528109,42.93,512969,41.7,Hindustan Vikas Dal,15140,1.23,4175.0,0.33999999999999997
PATNA SAHIB,BIHAR,Bharatiya Janata Party,588270,54.7,153846,14.310000000000002,Indian National Congress,434424,40.39,424481,39.47,Independent,9943,0.92,4015.0,0.37
PEDDAPALLE,TELANGANA,Indian National Congress,475587,43.42,131364,11.990000000000002,Bharatiya Janata Party,344223,31.43,150867,13.780000000000001,Bharat Rashtra Samithi,193356,17.65,186557.0,17.029999999999998
PHULPUR,UTTAR PRADESH,Bharatiya Janata Party,452600,44.6,4332,0.4299999999999997,Samajwadi Party,448268,44.17,365682,36.03,Bahujan Samaj Party,82586,8.14,78424.0,7.73
PILIBHIT,UTTAR PRADESH,Bharatiya Janata Party,607158,52.3,164935,14.209999999999994,Samajwadi Party,442223,38.09,352526,30.360000000000003,Bahujan Samaj Party,89697,7.73,85888.0,7.4
PONNANI,KERALA,Indian Union Muslim League,562516,54.81,235760,22.970000000000002,Communist Party of India  (Marxist),326756,31.84,201958,19.68,Bharatiya Janata Party,124798,12.16,123145.0,12.0
PORBANDAR,GUJARAT,Bharatiya Janata Party,633118,68.15,383360,41.260000000000005,Indian National Congress,249758,26.89,238836,25.71,Bahujan Samaj Party,10922,1.18,3626.0,0.3899999999999999
PRATAPGARH,UTTAR PRADESH,Samajwadi Party,441932,46.65,66206,6.990000000000002,Bharatiya Janata Party,375726,39.66,295582,31.199999999999996,Bahujan Samaj Party,80144,8.46,74858.0,7.9
PUNE,MAHARASHTRA,Bharatiya Janata Party,584728,52.94,123038,11.14,Indian National Congress,461690,41.8,429678,38.9,Vanchit Bahujan  Aaghadi,32012,2.9,28038.0,2.54
PURI,ODISHA,Bharatiya Janata Party,629330,52.58,104709,8.75,Biju Janata Dal,524621,43.83,500279,41.8,Indian National Congress,24342,2.03,20413.0,1.6999999999999997
PURNIA,BIHAR,Independent,567556,47.46,23847,1.990000000000002,Janata Dal  (United),543709,45.47,516589,43.199999999999996,Rashtriya Janata Dal,27120,2.27,16501.0,1.38
PURULIA,WEST BENGAL,Bharatiya Janata Party,578489,40.34,17079,1.1900000000000048,All India Trinamool Congress,561410,39.15,432253,30.14,Indian National Congress,129157,9.01,30499.0,2.13
PURVI CHAMPARAN,BIHAR,Bharatiya Janata Party,542193,50.5,88287,8.219999999999999,Vikassheel Insaan Party,453906,42.28,440859,41.06,Independent,13047,1.22,4862.0,0.45999999999999996
RAIGARH,CHHATTISGARH,Bharatiya Janata Party,808275,55.63,240391,16.550000000000004,Indian National Congress,567884,39.08,552284,38.01,Bahujan Samaj Party,15600,1.07,4641.0,0.32000000000000006
RAIPUR,CHHATTISGARH,Bharatiya Janata Party,1050351,66.19,575285,36.25,Indian National Congress,475066,29.94,465767,29.35,Bahujan Samaj Party,9299,0.59,531.0,0.039999999999999925
RAJGARH,MADHYA PRADESH,Bharatiya Janata Party,758743,53.1,146089,10.230000000000004,Indian National Congress,612654,42.87,598712,41.89,Bahujan Samaj Party,13942,0.98,7328.0,0.52
RAJNANDGAON,CHHATTISGARH,Bharatiya Janata Party,712057,49.25,44411,3.0700000000000003,Indian National Congress,667646,46.18,656909,45.44,Independent,10737,0.74,1069.0,0.06999999999999995
RAJSAMAND,RAJASTHAN,Bharatiya Janata Party,781203,64.4,392223,32.34,Indian National Congress,388980,32.06,379845,31.310000000000002,Bahujan Samaj Party,9135,0.75,1304.0,0.09999999999999998
RAMANATHAPURAM,TAMIL NADU,Indian Union Muslim League,509664,45.92,166782,15.030000000000001,Independent,342882,30.89,243102,21.9,All India Anna Dravida Munnetra Kazhagam,99780,8.99,2108.0,0.1899999999999995
RATLAM,MADHYA PRADESH,Bharatiya Janata Party,795863,51.93,207232,13.520000000000003,Indian National Congress,588631,38.41,535872,34.97,Bharat Adivasi Party,52759,3.44,37587.0,2.45
REWA,MADHYA PRADESH,Bharatiya Janata Party,477459,52.0,193374,21.06,Indian National Congress,284085,30.94,166864,18.17,Bahujan Samaj Party,117221,12.77,112611.0,12.27
ROHTAK,HARYANA,Indian National Congress,783578,62.76,345298,27.65,Bharatiya Janata Party,438280,35.11,432030,34.61,Jannayak Janta Party,6250,0.5,3536.0,0.28
RAE BARELI,UTTAR PRADESH,Indian National Congress,687649,66.17,390030,37.53,Bharatiya Janata Party,297619,28.64,275995,26.560000000000002,Bahujan Samaj Party,21624,2.08,12946.0,1.2400000000000002
RAICHUR,KARNATAKA,Indian National Congress,670966,51.63,79781,6.140000000000001,Bharatiya Janata Party,591185,45.49,581896,44.78,Bahujan Samaj Party,9289,0.71,4108.0,0.30999999999999994
RAIGAD,MAHARASHTRA,Nationalist Congress Party,508352,50.17,82784,8.170000000000002,Shiv Sena (Uddhav Balasaheb Thackrey),425568,42.0,405950,40.06,Vanchit Bahujan  Aaghadi,19618,1.94,10224.0,1.0099999999999998
RAIGANJ,WEST BENGAL,Bharatiya Janata Party,560897,40.99,68197,4.990000000000002,All India Trinamool Congress,492700,36.0,229427,16.76,Indian National Congress,263273,19.24,255009.0,18.639999999999997
RAJAHMUNDRY,ANDHRA PRADESH,Bharatiya Janata Party,726515,54.82,239139,18.049999999999997,Yuvajana Sramika Rythu Congress Party,487376,36.77,454868,34.32,Indian National Congress,32508,2.45,12099.0,0.9100000000000001
RAJAMPET,ANDHRA PRADESH,Yuvajana Sramika Rythu Congress Party,644844,48.38,76071,5.710000000000001,Bharatiya Janata Party,568773,42.67,515473,38.67,Indian National Congress,53300,4.0,40937.0,3.07
RAJKOT,GUJARAT,Bharatiya Janata Party,857984,67.37,484260,38.02,Indian National Congress,373724,29.35,363259,28.53,Bahujan Samaj Party,10465,0.82,6785.0,0.53
RAJMAHAL,JHARKHAND,Jharkhand Mukti Morcha,613371,50.35,178264,14.630000000000003,Bharatiya Janata Party,435107,35.72,392967,32.26,Independent,42140,3.46,4849.0,0.3999999999999999
RAMPUR,UTTAR PRADESH,Samajwadi Party,481503,49.74,87434,9.030000000000001,Bharatiya Janata Party,394069,40.71,314377,32.480000000000004,Bahujan Samaj Party,79692,8.23,76765.0,7.930000000000001
RANAGHAT,WEST BENGAL,Bharatiya Janata Party,782396,50.78,186899,12.130000000000003,All India Trinamool Congress,595497,38.65,471687,30.61,Communist Party of India  (Marxist),123810,8.04,114418.0,7.429999999999999
RANCHI,JHARKHAND,Bharatiya Janata Party,664732,45.91,120512,8.319999999999993,Indian National Congress,544220,37.59,411573,28.430000000000003,Independent,132647,9.16,122306.0,8.45
RATNAGIRI- SINDHUDURG,MAHARASHTRA,Bharatiya Janata Party,448514,49.07,47858,5.240000000000002,Shiv Sena (Uddhav Balasaheb Thackrey),400656,43.83,384830,42.1,Independent,15826,1.73,5787.0,0.6299999999999999
RAVER,MAHARASHTRA,Bharatiya Janata Party,630879,53.84,272183,23.230000000000004,Nationalist Congress Party – Sharadchandra Pawar,358696,30.61,299576,25.56,Vanchit Bahujan  Aaghadi,59120,5.05,15138.0,1.2999999999999998
SAGAR,MADHYA PRADESH,Bharatiya Janata Party,787979,68.49,471222,40.959999999999994,Indian National Congress,316757,27.53,300121,26.080000000000002,Bahujan Samaj Party,16636,1.45,10852.0,0.95
SALEM,TAMIL NADU,Dravida Munnetra Kazhagam,566085,43.38,70357,5.390000000000001,All India Anna Dravida Munnetra Kazhagam,495728,37.99,368589,28.25,Pattali Makkal Katchi,127139,9.74,50932.0,3.9000000000000004
SHAHDOL,MADHYA PRADESH,Bharatiya Janata Party,711143,61.73,397340,34.489999999999995,Indian National Congress,313803,27.24,278525,24.18,Gondvana Gantantra Party,35278,3.06,13424.0,1.1600000000000001
SIDHI,MADHYA PRADESH,Bharatiya Janata Party,583559,50.87,206416,18.0,Indian National Congress,377143,32.87,326181,28.429999999999996,Gondvana Gantantra Party,50962,4.44,17306.0,1.5100000000000002
SIKAR,RAJASTHAN,Communist Party of India  (Marxist),659300,50.68,72896,5.600000000000001,Bharatiya Janata Party,586404,45.08,576383,44.309999999999995,Independent,10021,0.77,1402.0,0.10999999999999999
SIRSA,HARYANA,Indian National Congress,733823,54.17,268497,19.82,Bharatiya Janata Party,465326,34.35,372873,27.53,Indian National Lok Dal,92453,6.82,72373.0,5.34
SIVAGANGA,TAMIL NADU,Indian National Congress,427677,40.6,205664,19.520000000000003,All India Anna Dravida Munnetra Kazhagam,222013,21.08,26225,2.4899999999999984,Bharatiya Janata Party,195788,18.59,32376.0,3.08
SONIPAT,HARYANA,Indian National Congress,548682,48.82,21816,1.9399999999999977,Bharatiya Janata Party,526866,46.88,514044,45.74,Bahujan Samaj Party,12822,1.14,1299.0,0.10999999999999988
SRIPERUMBUDUR,TAMIL NADU,Dravida Munnetra Kazhagam,758611,52.65,487029,33.8,All India Anna Dravida Munnetra Kazhagam,271582,18.85,61472,4.270000000000001,Tamil Maanila Congress  (Moopanar),210110,14.58,69877.0,4.85
SURGUJA,CHHATTISGARH,Bharatiya Janata Party,713200,49.01,64822,4.460000000000001,Indian National Congress,648378,44.55,632727,43.47,Gondvana Gantantra Party,15651,1.08,452.0,0.040000000000000036
SABARKANTHA,GUJARAT,Bharatiya Janata Party,677318,53.36,155682,12.269999999999996,Indian National Congress,521636,41.09,511669,40.300000000000004,Bahujan Samaj Party,9967,0.79,2416.0,0.20000000000000007
SAHARANPUR,UTTAR PRADESH,Indian National Congress,547967,44.57,64542,5.25,Bharatiya Janata Party,483425,39.32,303072,24.65,Bahujan Samaj Party,180353,14.67,174953.0,14.23
SALEMPUR,UTTAR PRADESH,Samajwadi Party,405472,44.2,3573,0.39000000000000057,Bharatiya Janata Party,401899,43.81,321300,35.02,Bahujan Samaj Party,80599,8.79,72336.0,7.889999999999999
SAMASTIPUR,BIHAR,Lok Janshakti Party(Ram Vilas),579786,52.97,187251,17.11,Indian National Congress,392535,35.86,366578,33.49,Independent,25957,2.37,9802.0,0.8900000000000001
SAMBALPUR,ODISHA,Bharatiya Janata Party,592162,49.48,119836,10.009999999999998,Biju Janata Dal,472326,39.47,383213,32.019999999999996,Indian National Congress,89113,7.45,84318.0,7.05
SAMBHAL,UTTAR PRADESH,Samajwadi Party,571161,47.8,121494,10.169999999999995,Bharatiya Janata Party,449667,37.63,297207,24.870000000000005,Bahujan Samaj Party,152460,12.76,148596.0,12.44
SANGLI,MAHARASHTRA,Independent,571666,48.91,100053,8.559999999999995,Bharatiya Janata Party,471613,40.35,410753,35.14,Shiv Sena (Uddhav Balasaheb Thackrey),60860,5.21,51578.0,4.42
SANGRUR,PUNJAB,Aam Aadmi Party,364085,36.06,172560,17.090000000000003,Indian National Congress,191525,18.97,4279,0.41999999999999815,Shiromani Akali Dal (Amritsar)(Simranjit Singh Mann),187246,18.55,58993.0,5.850000000000001
SANT KABIR NAGAR,UTTAR PRADESH,Samajwadi Party,498695,45.7,92170,8.450000000000003,Bharatiya Janata Party,406525,37.25,255713,23.43,Bahujan Samaj Party,150812,13.82,145672.0,13.35
SARAN,BIHAR,Bharatiya Janata Party,471752,46.18,13661,1.3399999999999963,Rashtriya Janata Dal,458091,44.84,436048,42.68000000000001,Independent,22043,2.16,5940.0,0.5800000000000001
SASARAM,BIHAR,Indian National Congress,513004,46.76,19157,1.75,Bharatiya Janata Party,493847,45.01,448249,40.849999999999994,Bahujan Samaj Party,45598,4.16,37579.0,3.43
SATARA,MAHARASHTRA,Bharatiya Janata Party,571134,47.67,32771,2.730000000000004,Nationalist Congress Party – Sharadchandra Pawar,538363,44.94,501301,41.849999999999994,Independent,37062,3.09,25150.0,2.0999999999999996
SECUNDERABAD,TELANGANA,Bharatiya Janata Party,473012,45.15,49944,4.769999999999996,Indian National Congress,423068,40.38,293482,28.010000000000005,Bharat Rashtra Samithi,129586,12.37,127318.0,12.149999999999999
SHAHJAHANPUR,UTTAR PRADESH,Bharatiya Janata Party,592718,47.5,55379,4.439999999999998,Samajwadi Party,537339,43.06,445629,35.71,Bahujan Samaj Party,91710,7.35,85122.0,6.819999999999999
SHEOHAR,BIHAR,Janata Dal  (United),476612,45.15,29143,2.759999999999998,Rashtriya Janata Dal,447469,42.39,418375,39.63,Independent,29094,2.76,8502.0,0.8099999999999998
SHILLONG,MEGHALAYA,Voice of the People Party,571078,55.02,371910,35.83,Indian National Congress,199168,19.19,12680,1.2200000000000024,National People's Party,186488,17.97,141925.0,13.68
SHIMOGA,KARNATAKA,Bharatiya Janata Party,778721,56.54,243715,17.689999999999998,Indian National Congress,535006,38.85,504956,36.67,Independent,30050,2.18,22784.0,1.6500000000000001
SHIRDI,MAHARASHTRA,Shiv Sena (Uddhav Balasaheb Thackrey),476900,45.0,50529,4.770000000000003,Shiv Sena,426371,40.23,335442,31.65,Vanchit Bahujan  Aaghadi,90929,8.58,76923.0,7.26
SHIRUR,MAHARASHTRA,Nationalist Congress Party – Sharadchandra Pawar,698692,50.83,140951,10.25,Nationalist Congress Party,557741,40.58,529411,38.519999999999996,Independent,28330,2.06,10868.0,0.79
SHRAWASTI,UTTAR PRADESH,Samajwadi Party,511055,48.83,76673,7.32,Bharatiya Janata Party,434382,41.51,378131,36.129999999999995,Bahujan Samaj Party,56251,5.38,40621.0,3.8899999999999997
SILCHAR,ASSAM,Bharatiya Janata Party,652405,59.89,264311,24.270000000000003,Indian National Congress,388094,35.62,367601,33.739999999999995,All India Trinamool Congress,20493,1.88,15896.0,1.46
SINGHBHUM,JHARKHAND,Jharkhand Mukti Morcha,520164,51.62,168402,16.71,Bharatiya Janata Party,351762,34.91,307470,30.509999999999998,Independent,44292,4.4,24458.0,2.4300000000000006
SITAMARHI,BIHAR,Janata Dal  (United),515719,47.14,51356,4.689999999999998,Rashtriya Janata Dal,464363,42.45,435451,39.81,Independent,28912,2.64,17724.0,1.62
SITAPUR,UTTAR PRADESH,Indian National Congress,531138,48.2,89641,8.14,Bharatiya Janata Party,441497,40.06,342133,31.040000000000003,Bahujan Samaj Party,99364,9.02,91778.0,8.33
SIWAN,BIHAR,Janata Dal  (United),386508,38.73,92857,9.309999999999995,Independent,293651,29.42,94828,9.5,Rashtriya Janata Dal,198823,19.92,177258.0,17.76
SOLAPUR,MAHARASHTRA,Indian National Congress,620225,51.49,74197,6.160000000000004,Bharatiya Janata Party,546028,45.33,535521,44.46,Independent,10507,0.87,5239.0,0.43
SONITPUR,ASSAM,Bharatiya Janata Party,775788,60.21,361408,28.050000000000004,Indian National Congress,414380,32.16,381332,29.599999999999998,Aam Aadmi Party,33048,2.56,13156.0,1.02
SRERAMPUR,WEST BENGAL,All India Trinamool Congress,673970,45.65,174830,11.850000000000001,Bharatiya Janata Party,499140,33.8,259994,17.599999999999998,Communist Party of India  (Marxist),239146,16.2,213469.0,14.459999999999999
SRIKAKULAM,ANDHRA PRADESH,Telugu Desam,754328,61.05,327901,26.54,Yuvajana Sramika Rythu Congress Party,426427,34.51,419255,33.93,Indian National Congress,7172,0.58,1214.0,0.09999999999999998
SULTANPUR,UTTAR PRADESH,Samajwadi Party,444330,43.0,43174,4.18,Bharatiya Janata Party,401156,38.82,238131,23.04,Bahujan Samaj Party,163025,15.78,158728.0,15.36
SUNDARGARH,ODISHA,Bharatiya Janata Party,494282,42.77,138808,12.010000000000002,Biju Janata Dal,355474,30.76,93488,8.09,Indian National Congress,261986,22.67,252845.0,21.880000000000003
SUPAUL,BIHAR,Janata Dal  (United),595038,48.33,169803,13.79,Rashtriya Janata Dal,425235,34.54,373583,30.34,Independent,51652,4.2,24198.0,1.9700000000000002
TENKASI,TAMIL NADU,Dravida Munnetra Kazhagam,425679,40.97,196199,18.89,All India Anna Dravida Munnetra Kazhagam,229480,22.08,20655,1.9799999999999969,Bharatiya Janata Party,208825,20.1,78490.0,7.560000000000002
THANJAVUR,TAMIL NADU,Dravida Munnetra Kazhagam,502245,48.82,319583,31.06,Desiya Murpokku Dravida Kazhagam,182662,17.76,12049,1.1700000000000017,Bharatiya Janata Party,170613,16.59,50320.0,4.9
THENI,TAMIL NADU,Dravida Munnetra Kazhagam,571493,50.08,278825,24.43,Amma Makkal Munnettra Kazagam,292668,25.65,137081,12.019999999999998,All India Anna Dravida Munnetra Kazhagam,155587,13.63,78753.0,6.9
THOOTHUKKUDI,TAMIL NADU,Dravida Munnetra Kazhagam,540729,55.26,392738,40.14,All India Anna Dravida Munnetra Kazhagam,147991,15.12,25611,2.6099999999999994,Tamil Maanila Congress  (Moopanar),122380,12.51,2080.0,0.22000000000000064
TIKAMGARH,MADHYA PRADESH,Bharatiya Janata Party,715050,65.1,403312,36.72,Indian National Congress,311738,28.38,279065,25.41,Bahujan Samaj Party,32673,2.97,22515.0,2.0500000000000003
TIRUCHIRAPPALLI,TAMIL NADU,Marumalarchi Dravida Munnetra Kazhagam,542213,51.35,313094,29.650000000000002,All India Anna Dravida Munnetra Kazhagam,229119,21.7,121661,11.52,Naam Tamilar Katchi,107458,10.18,6711.0,0.6400000000000006
TIRUNELVELI,TAMIL NADU,Indian National Congress,502296,47.06,165620,15.520000000000003,Bharatiya Janata Party,336676,31.54,247075,23.15,All India Anna Dravida Munnetra Kazhagam,89601,8.39,1915.0,0.17999999999999972
TIRUPPUR,TAMIL NADU,Communist Party of India,472739,41.38,125928,11.030000000000001,All India Anna Dravida Munnetra Kazhagam,346811,30.35,161489,14.130000000000003,Bharatiya Janata Party,185322,16.22,89596.0,7.839999999999998
TIRUVALLUR,TAMIL NADU,Indian National Congress,796956,56.21,572155,40.35,Bharatiya Janata Party,224801,15.86,897,0.07000000000000028,Desiya Murpokku Dravida Kazhagam,223904,15.79,103066.0,7.27
TIRUVANNAMALAI,TAMIL NADU,Dravida Munnetra Kazhagam,547379,47.75,233931,20.41,All India Anna Dravida Munnetra Kazhagam,313448,27.34,156798,13.67,Bharatiya Janata Party,156650,13.67,72781.0,6.35
TONK-SAWAI MADHOPUR,RAJASTHAN,Indian National Congress,623763,50.85,64949,5.289999999999999,Bharatiya Janata Party,558814,45.56,545670,44.49,Bahujan Samaj Party,13144,1.07,5711.0,0.4600000000000001
TAMLUK,WEST BENGAL,Bharatiya Janata Party,765584,48.54,77733,4.93,All India Trinamool Congress,687851,43.61,602462,38.2,Communist Party of India  (Marxist),85389,5.41,73050.0,4.63
TEHRI GARHWAL,UTTARAKHAND,Bharatiya Janata Party,462603,53.66,272493,31.609999999999996,Indian National Congress,190110,22.05,22029,2.5500000000000007,Independent,168081,19.5,158055.0,18.34
THANE,MAHARASHTRA,Shiv Sena,734231,56.09,217011,16.580000000000005,Shiv Sena (Uddhav Balasaheb Thackrey),517220,39.51,506558,38.699999999999996,Bahujan Samaj Party,10662,0.81,7168.0,0.54
THIRUPATHI(SC),ANDHRA PRADESH,Yuvajana Sramika Rythu Congress Party,632228,45.73,14569,1.0599999999999952,Bharatiya Janata Party,617659,44.67,552136,39.93,Indian National Congress,65523,4.74,55017.0,3.9800000000000004
THRISSUR,KERALA,Bharatiya Janata Party,412338,37.8,74686,6.849999999999998,Communist Party of India,337652,30.95,9528,0.870000000000001,Indian National Congress,328124,30.08,326105.0,29.889999999999997
TRIPURA WEST,TRIPURA,Bharatiya Janata Party,881341,72.85,611578,50.55,Indian National Congress,269763,22.3,260831,21.560000000000002,Independent,8932,0.74,148.0,0.010000000000000009
TUMKUR,KARNATAKA,Bharatiya Janata Party,720946,55.31,175594,13.469999999999999,Indian National Congress,545352,41.84,538577,41.32,Independent,6775,0.52,1221.0,0.09000000000000002
UDAIPUR,RAJASTHAN,Bharatiya Janata Party,738286,49.27,261608,17.460000000000004,Indian National Congress,476678,31.81,259540,17.32,Bharat Adivasi Party,217138,14.49,202678.0,13.52
UJJAIN,MADHYA PRADESH,Bharatiya Janata Party,836104,62.93,375860,28.29,Indian National Congress,460244,34.64,450726,33.92,Bahujan Samaj Party,9518,0.72,4542.0,0.35
UDUPI CHIKMAGALUR,KARNATAKA,Bharatiya Janata Party,732234,59.56,259175,21.080000000000005,Indian National Congress,473059,38.48,467642,38.04,Bahujan Samaj Party,5417,0.44,3131.0,0.25
UJIARPUR,BIHAR,Bharatiya Janata Party,515965,49.51,60102,5.759999999999998,Rashtriya Janata Dal,455863,43.75,438900,42.12,Independent,16963,1.63,9862.0,0.9499999999999998
ULUBERIA,WEST BENGAL,All India Trinamool Congress,724622,52.1,218673,15.719999999999999,Bharatiya Janata Party,505949,36.38,427360,30.730000000000004,Indian National Congress,78589,5.65,39598.0,2.8500000000000005
UNNAO,UTTAR PRADESH,Bharatiya Janata Party,616133,47.31,35818,2.75,Samajwadi Party,580315,44.56,507788,38.99,Bahujan Samaj Party,72527,5.57,64123.0,4.92
UTTARA KANNADA,KARNATAKA,Bharatiya Janata Party,782495,61.97,337428,26.72,Indian National Congress,445067,35.25,439670,34.82,Independent,5397,0.43,925.0,0.08000000000000002
VELLORE,TAMIL NADU,Dravida Munnetra Kazhagam,568692,50.35,215702,19.1,Bharatiya Janata Party,352990,31.25,235308,20.83,All India Anna Dravida Munnetra Kazhagam,117682,10.42,64398.0,5.7
VIDISHA,MADHYA PRADESH,Bharatiya Janata Party,1116460,76.7,821408,56.43000000000001,Indian National Congress,295052,20.27,284236,19.53,Bahujan Samaj Party,10816,0.74,2638.0,0.17999999999999994
VILUPPURAM,TAMIL NADU,Viduthalai Chiruthaigal Katchi,477033,41.39,70703,6.140000000000001,All India Anna Dravida Munnetra Kazhagam,406330,35.25,224448,19.47,Pattali Makkal Katchi,181882,15.78,124640.0,10.809999999999999
VIRUDHUNAGAR,TAMIL NADU,Indian National Congress,385256,36.28,4379,0.4100000000000037,Desiya Murpokku Dravida Kazhagam,380877,35.87,214606,20.209999999999997,Bharatiya Janata Party,166271,15.66,89240.0,8.41
VADAKARA,KERALA,Indian National Congress,557528,49.65,114506,10.199999999999996,Communist Party of India  (Marxist),443022,39.45,331043,29.480000000000004,Bharatiya Janata Party,111979,9.97,108215.0,9.63
VADODARA,GUJARAT,Bharatiya Janata Party,873189,72.04,582126,48.03,Indian National Congress,291063,24.01,283534,23.39,Bahujan Samaj Party,7529,0.62,2060.0,0.16999999999999998
VAISHALI,BIHAR,Lok Janshakti Party(Ram Vilas),567043,48.38,89634,7.650000000000006,Rashtriya Janata Dal,477409,40.73,443153,37.809999999999995,Independent,34256,2.92,12820.0,1.0899999999999999
VALMIKI NAGAR,BIHAR,Janata Dal  (United),523422,47.5,98675,8.950000000000003,Rashtriya Janata Dal,424747,38.55,401522,36.44,Independent,23225,2.11,3415.0,0.30999999999999983
VARANASI,UTTAR PRADESH,Bharatiya Janata Party,612970,54.24,152513,13.5,Indian National Congress,460457,40.74,426691,37.75,Bahujan Samaj Party,33766,2.99,28016.0,2.4800000000000004
VIJAYAWADA,ANDHRA PRADESH,Telugu Desam,794154,58.21,282085,20.68,Yuvajana Sramika Rythu Congress Party,512069,37.53,487963,35.76,Indian National Congress,24106,1.77,16228.0,1.19
VISAKHAPATNAM,ANDHRA PRADESH,Telugu Desam,907467,65.42,504247,36.35,Yuvajana Sramika Rythu Congress Party,403220,29.07,372953,26.89,Indian National Congress,30267,2.18,22571.0,1.6300000000000001
VIZIANAGARAM,ANDHRA PRADESH,Telugu Desam,743113,57.2,249351,19.200000000000003,Yuvajana Sramika Rythu Congress Party,493762,38.0,483139,37.18,Indian National Congress,10623,0.82,2585.0,0.19999999999999996
WARANGAL,TELANGANA,Indian National Congress,581294,45.85,220339,17.380000000000003,Bharatiya Janata Party,360955,28.47,128922,10.169999999999998,Bharat Rashtra Samithi,232033,18.3,220918.0,17.42
WARDHA,MAHARASHTRA,Nationalist Congress Party – Sharadchandra Pawar,533106,48.68,81648,7.450000000000003,Bharatiya Janata Party,451458,41.23,430663,39.33,Bahujan Samaj Party,20795,1.9,5303.0,0.49
WAYANAD,KERALA,Indian National Congress,647445,59.69,364422,33.599999999999994,Communist Party of India,283023,26.09,141978,13.09,Bharatiya Janata Party,141045,13.0,139072.0,12.82
YAVATMAL- WASHIM,MAHARASHTRA,Shiv Sena (Uddhav Balasaheb Thackrey),594807,48.53,94473,7.700000000000003,Shiv Sena,500334,40.83,443944,36.23,Samnak Janta Party,56390,4.6,38994.0,3.1799999999999997
ZAHIRABAD,TELANGANA,Indian National Congress,528418,42.73,46188,3.729999999999997,Bharatiya Janata Party,482230,39.0,310152,25.08,Bharat Rashtra Samithi,172078,13.92,163705.0,13.24
